{"deep-1B": {"qps": [4464.181636662814, 3797.5183920477, 2945.743326643736, 3311.7014524082433, 4130.9956652311985, 3605.3207720706737, 2389.8906633044244, 2184.68808207248, 4845.277161765192, 2623.936675746973], "recall": [0.90051, 0.91274, 0.9288, 0.92144, 0.90736, 0.91655, 0.93895, 0.94275, 0.8929500000000001, 0.93396], "wspq": [0.11167082879999997, 0.13110145520000002, 0.17071453653333332, 0.14975639959999998, 0.11755174367999999, 0.1374629626, 0.2078281664, 0.2281430037333333, 0.08293890463999999, 0.1901596874666667], "best_recall": [2184.68808207248, 0.94275, "FaissIVFPQ(nprobe=220)"], "best_qps": [0.90051, 4464.181636662814, "FaissIVFPQ(nprobe=100)"], "best_wspq": [0.90051, 4464.181636662814, 0.11167082879999997, "FaissIVFPQ(nprobe=100)"], "cost": [545633.15841152, 506503.7, 39129.45841151999, 22021.9, 23, 391294.5841151999], "cache": [0, 10]}, "bigann-1B": {"qps": [3853.3081891195943, 3270.535391661504, 2522.7835533411253, 2824.903307618294, 3539.71898828762, 3070.139102941681, 2042.507470024577, 1867.981742135928, 3930.062329231773, 2263.77525331099], "recall": [0.8860600000000001, 0.9006399999999999, 0.92001, 0.9113, 0.89423, 0.90502, 0.9326, 0.93735, 0.87708, 0.92671], "wspq": [0.1294447036, 0.15755499520000002, 0.20434529280000002, 0.17202207733333336, 0.1431890438, 0.16564736, 0.2440964138666667, 0.2725092608, 0.094010534, 0.2269128533333333], "best_recall": [2042.507470024577, 0.9326, "FaissIVFPQ(nprobe=200)"], "best_qps": [0.9006399999999999, 3270.535391661504, "FaissIVFPQ(nprobe=120)"], "best_wspq": [0.9006399999999999, 3270.535391661504, 0.15755499520000002, "FaissIVFPQ(nprobe=120)"], "cost": [737886.17031808, 682678.9, 55207.27031808001, 22021.9, 31, 552072.7031808001], "cache": [0, 10]}, "text2image-1B": {"qps": [3643.7974743103096, 3128.416912833876, 2403.6743867027185, 2716.682120967405, 3371.2011922481206, 2949.2291007399604, 1958.4249239574294, 1788.6572644215826, 3982.189264161662, 2149.3647224837546], "recall": [0.8139879999999999, 0.829512, 0.852042, 0.8419610000000001, 0.822274, 0.8349360000000001, 0.8673639999999999, 0.873589, 0.8042520000000001, 0.8602779999999999], "wspq": [0.13572076768000002, 0.1583400392, 0.20750919376, 0.18255739791999992, 0.14598519816, 0.16158665072, 0.25289677488, 0.27717219536, 0.11275531536000002, 0.23263987976000006], "best_recall": [2149.3647224837546, 0.8602779999999999, "FaissIVFPQ(nprobe=180)"], "best_qps": [0.873589, 1788.6572644215826, "FaissIVFPQ(nprobe=220)"], "best_wspq": [0.8042520000000001, 3982.189264161662, 0.11275531536000002, "FaissIVFPQ(nprobe=90)"], "cost": [1272735.8625021442, 1233226.4000000001, 39509.46250214401, 22021.9, 56, 395094.62502144004], "cache": [0, 10]}, "msturing-1B": {"qps": [3114.2203736449073, 2173.468161641828, 2618.397095275653, 3872.584618104504, 3447.863058963909, 2423.917087193121, 4836.102316252472, 4363.035951119814, 2358.3447277528553, 2844.815615557371], "recall": [0.8984460000000001, 0.913225, 0.905892, 0.8881859999999999, 0.8937149999999999, 0.908996, 0.874699, 0.8812490000000001, 0.910162, 0.902459], "wspq": [0.15959818288, 0.22556661296, 0.19025265440000003, 0.12497459968, 0.14400464223999998, 0.20245353304000005, 0.09946066784, 0.11253878863999997, 0.21031760528000001, 0.17428385007999994], "best_recall": [2173.468161641828, 0.913225, "FaissIVFPQ(nprobe=70)"], "best_qps": [0.902459, 2844.815615557371, "FaissIVFPQ(nprobe=52)"], "best_wspq": [0.902459, 2844.815615557371, 0.17428385007999994, "FaissIVFPQ(nprobe=52)"], "cost": [853857.461068032, 792788.4, 61069.06106803199, 22021.9, 36, 610690.6106803198], "cache": [0, 10]}, "msspacev-1B": {"qps": [37269.582352871636, 5865.100076385449, 940.1496915391564, 492.80703808012214, 16861.50974478636, 10403.298528878368, 3265.367270821401, 1771.9563876415252, 27633.111327353363], "recall": [0.5892720698594623, 0.8775617410287897, 0.95, 0.9629178605539638, 0.7791479055805703, 0.8353561195251741, 0.9085345886205484, 0.9323441124300724, 0.6972063037249284], "wspq": [0.008248013728391951, 0.08121166352844864, 0.5289366773093191, 1.0011973314231135, 0.02937609178150725, 0.04551289166325556, 0.15200844289807613, 0.2800441107927412, 0.016970188647837357], "best_recall": [3265.367270821401, 0.9085345886205484, "FaissIVFPQ(nprobe=32)"], "best_qps": [0.9085345886205484, 3265.367270821401, "FaissIVFPQ(nprobe=32)"], "best_wspq": [0.9085345886205484, 3265.367270821401, 0.15200844289807613, "FaissIVFPQ(nprobe=32)"], "cost": [735942.6583914859, 682678.9, 53263.75839148589, 22021.9, 31, 532637.5839148589], "cache": [0, 9]}, "ssnpp-1B": {"qps": [20844.621073597104, 5699.329000888998, 811.7190325159048, 424.66968408821646, 18564.390573549405, 10691.215493665251, 2976.2363756848163, 1553.2417494215908, 19701.126358675614], "recall": [0.4389192507292648, 0.9101796143171742, 0.9951615301931844, 0.9962095459796412, 0.6720918026169443, 0.7931162592665035, 0.9786342124385736, 0.9933828331481498, 0.5512583585149151], "wspq": [0.0227443564, 0.09041263104, 0.6195382027199999, 1.1644133249600002, 0.03853079948, 0.049804366039999985, 0.16866685239999998, 0.32596587120000003, 0.027309523], "best_recall": [2976.2363756848163, 0.9786342124385736, "FaissIVFPQ(nprobe=32)"], "best_qps": [0.9101796143171742, 5699.329000888998, "FaissIVFPQ(nprobe=16)"], "best_wspq": [0.9101796143171742, 5699.329000888998, 0.09041263104, "FaissIVFPQ(nprobe=16)"], "cost": [428074.78591641603, 396394.2, 31680.585916416, 22021.9, 18, 316805.85916416], "cache": [0, 9]}, "summary": {"deep-1B": [0.94275, 4464.181636662814, 0.11167082879999997, 545633.15841152], "bigann-1B": [0.9326, 3270.535391661504, 0.15755499520000002, 737886.17031808], "text2image-1B": [0.8602779999999999, 1788.6572644215826, 0.11275531536000002, 1272735.8625021442], "msturing-1B": [0.913225, 2844.815615557371, 0.17428385007999994, 853857.461068032], "msspacev-1B": [0.9085345886205484, 3265.367270821401, 0.15200844289807613, 735942.6583914859], "ssnpp-1B": [0.9786342124385736, 5699.329000888998, 0.09041263104, 428074.78591641603], "ranking-score": [0.0, 0.0, 0.0, 0.0]}}