{"deep-1B": {"qps": [4417.035674087254, 3754.3091090535218, 2940.9196361853856, 3323.000348834289, 4091.718480125533, 3572.6183844485668, 2368.474088744256, 2175.69671844785, 2637.8072643493797], "recall": [0.90051, 0.91274, 0.9288, 0.92144, 0.90736, 0.91655, 0.93895, 0.94275, 0.93396], "wspq": [0.11258105824, 0.131238066, 0.17765546453333333, 0.15486828800000002, 0.12559187968, 0.1397968684, 0.21542993066666666, 0.23519206399999998, 0.19526609920000002], "best_recall": [2175.69671844785, 0.94275, "FaissIVFPQ(nprobe=220)"], "best_qps": [0.90051, 4417.035674087254, "FaissIVFPQ(nprobe=100)"], "best_wspq": [0.90051, 4417.035674087254, 0.11258105824, "FaissIVFPQ(nprobe=100)"], "cost": [545952.102807296]}, "bigann-1B": {"qps": [3610.6360215844256, 3086.6559639930956, 2423.435896446243, 2718.628240987046, 3423.5457413043223, 2935.6581724927632, 1987.2666848416845, 1804.682221463896, 2188.8582664611845], "recall": [0.8860600000000001, 0.9006399999999999, 0.92001, 0.9113, 0.89423, 0.90502, 0.9326, 0.93735, 0.92671], "wspq": [0.13766563839999998, 0.16712257560000002, 0.21042276693333334, 0.1859861776, 0.1539228672, 0.17258965333333331, 0.258770176, 0.2897468684, 0.2372115602666667], "best_recall": [2188.8582664611845, 0.92671, "FaissIVFPQ(nprobe=180)"], "best_qps": [0.9006399999999999, 3086.6559639930956, "FaissIVFPQ(nprobe=120)"], "best_wspq": [0.9006399999999999, 3086.6559639930956, 0.16712257560000002, "FaissIVFPQ(nprobe=120)"], "cost": [785282.4504902401]}, "text2image-1B": {"qps": [3769.843384876258, 3183.310957028136, 2403.007531530499, 2731.7485351246105, 3425.330184348624, 2982.606951580274, 1933.5413213239829, 1762.3632692835652, 4129.40982900796, 2139.0449820693293], "recall": [0.8139879999999999, 0.829512, 0.852042, 0.8419610000000001, 0.822274, 0.8349360000000001, 0.8673639999999999, 0.873589, 0.8042520000000001, 0.8602779999999999], "wspq": [0.13781637504, 0.1606852352, 0.21392577024, 0.18790619647999995, 0.14822526687999998, 0.17298165424000006, 0.26205566496, 0.29109776496, 0.1232547584, 0.241727296], "best_recall": [2139.0449820693293, 0.8602779999999999, "FaissIVFPQ(nprobe=180)"], "best_qps": [0.873589, 1762.3632692835652, "FaissIVFPQ(nprobe=220)"], "best_wspq": [0.8042520000000001, 4129.40982900796, 0.1232547584, "FaissIVFPQ(nprobe=90)"], "cost": [1298436.76734336]}, "msturing-1B": {"qps": [2582.280920288013, 1794.7986107194515, 2166.22448298012, 3207.335012104441, 2864.935604139569, 2007.4971568979654, 4100.480495729172, 3662.0299275297166, 1947.9905187017341, 2359.4845936035667], "recall": [0.8984460000000001, 0.913225, 0.905892, 0.8881859999999999, 0.8937149999999999, 0.908996, 0.874699, 0.8812490000000001, 0.910162, 0.902459], "wspq": [0.1859469696, 0.26573167439999995, 0.2212847952, 0.1495139568, 0.16535173904, 0.2389042032, 0.1161909216, 0.13115764800000002, 0.2462116128, 0.2037402864], "best_recall": [2007.4971568979654, 0.908996, "FaissIVFPQ(nprobe=62)"], "best_qps": [0.902459, 2359.4845936035667, "FaissIVFPQ(nprobe=52)"], "best_wspq": [0.902459, 2359.4845936035667, 0.2037402864, "FaissIVFPQ(nprobe=52)"], "cost": [1018332.2963545601]}, "msspacev-1B": {"qps": [35924.193559074534, 4985.891689397659, 801.4524257216033, 421.47658283511254, 14153.527758753222, 8736.147912898428, 2770.848339473574, 1508.2260309223818, 23333.10993298764], "recall": [0.5892720698594623, 0.8775617410287897, 0.95, 0.9629178605539638, 0.7791479055805703, 0.8353561195251741, 0.9085345886205484, 0.9323441124300724, 0.6972063037249284], "wspq": [0.008594401335054631, 0.09956892918542776, 0.599820500477555, 1.1643547185154866, 0.03325989330058672, 0.05259394878792014, 0.16738168481375354, 0.3200751043798609, 0.018821650634465826], "best_recall": [2770.848339473574, 0.9085345886205484, "FaissIVFPQ(nprobe=32)"], "best_qps": [0.9085345886205484, 2770.848339473574, "FaissIVFPQ(nprobe=32)"], "best_wspq": [0.9085345886205484, 2770.848339473574, 0.16738168481375354, "FaissIVFPQ(nprobe=32)"], "cost": [873460.8423587392]}, "ssnpp-1B": {"qps": [21448.419165621854, 5572.2724159068, 788.1118239024762, 410.2332045660885, 19170.028986511432, 10597.289316889975, 2907.4138031617504, 1512.0612464288613, 20147.778092680746], "recall": [0.4389192507292648, 0.9101796143171742, 0.9951615301931844, 0.9962095459796412, 0.6720918026169443, 0.7931162592665035, 0.9786342124385736, 0.9933828331481498, 0.5512583585149151], "wspq": [0.028914484106666676, 0.09486485184, 0.6518427764, 1.2465257187999998, 0.03348214908, 0.0515606756, 0.17626997248, 0.33822386175999997, 0.0363353636], "best_recall": [2907.4138031617504, 0.9786342124385736, "FaissIVFPQ(nprobe=32)"], "best_qps": [0.9101796143171742, 5572.2724159068, "FaissIVFPQ(nprobe=16)"], "best_wspq": [0.9101796143171742, 5572.2724159068, 0.09486485184, "FaissIVFPQ(nprobe=16)"], "cost": [429634.844084736]}, "summary": {"deep-1B": [0.94275, 4417.035674087254, 0.11258105824, 545952.102807296], "bigann-1B": [0.92671, 3086.6559639930956, 0.16712257560000002, 785282.4504902401], "text2image-1B": [0.8602779999999999, 1762.3632692835652, 0.1232547584, 1298436.76734336], "msturing-1B": [0.908996, 2359.4845936035667, 0.2037402864, 1018332.2963545601], "msspacev-1B": [0.9085345886205484, 2770.848339473574, 0.16738168481375354, 873460.8423587392], "ssnpp-1B": [0.9786342124385736, 5572.2724159068, 0.09486485184, 429634.844084736], "ranking-score": [0.0, 0.0, 0.0, 0.0]}}