{"deep-1B": [0.94437, 5035.483337948125, 0.09225481546666668, 472764.08733952], "bigann-1B": [0.93604, 3279.2948260168555, 0.1623114768, 739552.84147072], "text2image-1B": [0.6010500000000001, 1947.667783473551, 0.1091011024, 1183367.82628096], "msturing-1B": [0.91513, 2629.8280007727144, 0.18743578773333336, 924531.6000217601], "msspacev-1B": [0.2283733333333333, 591.6951935214195, 0.008206791619047618, 3746598.659783315], "ssnpp-1B": [0.985669312472862, 6255.579687490073, 0.08465636784, 382013.991291136], "ranking-score": [0.0, 0.0, 0.0, 0.0]}