{"deep-1B": [0.94275, 4464.181636662814, 0.11167082879999997, 545633.15841152], "bigann-1B": [0.9326, 3270.535391661504, 0.15755499520000002, 737886.17031808], "text2image-1B": [0.8602779999999999, 1788.6572644215826, 0.11275531536000002, 1272735.8625021442], "msturing-1B": [0.913225, 2844.815615557371, 0.17428385007999994, 853857.461068032], "ssnpp-1B": [0.9786342124385736, 5699.329000888998, 0.09041263104, 428074.78591641603], "ranking-score": [0.0, 0.0, 0.0, 0.0]}