,recall,qps,power,cost
deep-1B,0.94306,4417.035674087254,0.11258105824,545952.102807296
bigann-1B,0.92718,3086.6559639930956,0.16712257560000002,785282.4504902401
text2image-1B,0.8607360000000001,1762.3632692835652,0.1232547584,1298436.76734336
msturing-1B,0.90914,2359.4845936035667,0.2037402864,1018332.2963545601
msspacev-1B,0.926865875289944,2770.848339473574,0.16738168481375354,873460.8423587392
ssnpp-1B,0.9786342124385736,5572.2724159068,0.09486485184,429634.844084736
ranking-score,0.0,0.0,0.0,0.0
