{"deep-1B": {"qps": [7019.6886824678, 2277.583039415729, 8954.383561848552, 3670.073941292348, 6626.94998168794, 3313.4566675677816, 4994.453985824828, 12926.890081627052, 11103.327050551685, 2611.224888237216, 4226.510432143979], "recall": [0.97635, 0.99821, 0.96447, 0.99541, 0.9838399999999999, 0.99644, 0.9913799999999999, 0.93826, 0.95373, 0.99779, 0.99387], "wspq": [], "best_recall": [2277.583039415729, 0.99821, "DiskANN", null], "best_qps": [0.93826, 12926.890081627052, "DiskANN", null], "best_wspq": [0, 0, 0], "cost": [0, 0, 0, 0, 0, 0], "cache": [0, 0, 0]}, "bigann-1B": {"qps": [7092.284495316709, 3185.011211657056, 2035.2244943690134, 12389.521481294185, 5144.046786092948, 17132.99987541282, 19094.37143827466, 2288.683574669001, 2683.9952052499593, 3925.0216122565603], "recall": [0.9918, 0.99919, 0.99976, 0.97024, 0.9969, 0.93609, 0.91678, 0.9996200000000001, 0.9994700000000001, 0.99844], "wspq": [], "best_recall": [2035.2244943690134, 0.99976, "DiskANN", null], "best_qps": [0.91678, 19094.37143827466, "DiskANN", null], "best_wspq": [0, 0, 0], "cost": [0, 0, 0, 0, 0, 0], "cache": [0, 0, 0]}, "text2image-1B": {"qps": [2094.8726214723915, 9306.6095458879, 3116.0140869585593, 3696.9481005498405, 5893.6046799192445, 1705.7421399901725, 4136.995157590782, 5305.233268707526, 2679.373086705185], "recall": [0.9813, 0.912302, 0.9742, 0.969985, 0.940526, 0.984025, 0.9666610000000001, 0.952692, 0.977246], "wspq": [], "best_recall": [2094.8726214723915, 0.9813, "DiskANN", null], "best_qps": [0.912302, 9306.6095458879, "DiskANN", null], "best_wspq": [0, 0, 0], "cost": [0, 0, 0, 0, 0, 0], "cache": [0, 0, 0]}, "msturing-1B": {"qps": [6945.303506062634, 3126.2020312862737, 17200.601231037446, 2037.334721845836, 2657.114738004828, 2306.8743409295225, 4842.566626907158, 3824.860111594836, 8993.580434166328, 13205.723778321377], "recall": [0.972913, 0.99022, 0.9085479999999999, 0.994442, 0.992091, 0.9934360000000001, 0.982313, 0.987174, 0.961201, 0.936451], "wspq": [], "best_recall": [2037.334721845836, 0.994442, "DiskANN", null], "best_qps": [0.9085479999999999, 17200.601231037446, "DiskANN", null], "best_wspq": [0, 0, 0], "cost": [0, 0, 0, 0, 0, 0], "cache": [0, 0, 0]}, "summary": {"deep-1B": [0.99821, 12926.890081627052, null, null], "bigann-1B": [0.99976, 19094.37143827466, null, null], "text2image-1B": [0.9813, 9306.6095458879, null, null], "msturing-1B": [0.994442, 17200.601231037446, null, null], "ssnpp-1B": [null, null, null, null], "ranking-score": [0.32485900000000023, 46160.28238852379, null, null]}}