{"deep-1B": [0.99821, 12926.890081627052, null, null], "bigann-1B": [0.99976, 19094.37143827466, null, null], "text2image-1B": [0.9813, 9306.6095458879, null, null], "msturing-1B": [0.994442, 17200.601231037446, null, null], "msspacev-1B": [0.9934233865465958, 6503.211672503998, null, null], "ssnpp-1B": [null, null, null, null], "ranking-score": [0.41986679792604753, 50635.29612889, null, null]}