{"deep-1B": {"qps": [700334.6134580063, 809617.4188317956, 848654.2702790198, 41295.68878264329, 744846.300012431, 877524.5308282947, 793384.0275413309, 446416.26310467784, 915147.4951998604, 767554.9455576906], "recall": [0.92499, 0.90556, 0.8997400000000001, 0.9950399999999999, 0.91809, 0.8937900000000001, 0.90996, 0.95736, 0.8872, 0.9142100000000001], "wspq": [0.0002793711383024251, 0.0002393751903703704, 0.00023106147679623085, 0.004803483642857143, 0.00026378265932885904, 0.0002227744387813212, 0.0002472633935138539, 0.00042774349932885904, 0.0002142449999454148, 0.00025558305182291665], "best_recall": [41295.68878264329, 0.9950399999999999, "CuannsMultiGPU"], "best_qps": [0.90556, 809617.4188317956, "CuannsMultiGPU"], "best_wspq": [0.90556, 809617.4188317956, 0.0002393751903703704, "CuannsMultiGPU"], "cost": [150083.87706670578, 150000, 83.8770667057778, 150000, 1, 838.770667057778]}, "bigann-1B": {"qps": [113528.6331807638, 800317.5087772859, 738186.8741090128, 690170.4732442573, 758998.9323392628, 545920.083300794, 710923.0821383777, 728127.2133879592, 772773.2331048714, 749933.6658978347], "recall": [0.99815, 0.8868299999999999, 0.9124200000000001, 0.93143, 0.90322, 0.9675, 0.92436, 0.9166799999999999, 0.8980100000000001, 0.90791], "wspq": [0.0016735634986842106, 0.00023163581647940075, 0.00025508359573748313, 0.00027462949059334294, 0.00024198852621870883, 0.00034799846703296707, 0.0002669627728551336, 0.00025916404609053497, 0.00024094181067270377, 0.0002485349379333333], "best_recall": [113528.6331807638, 0.99815, "CuannsMultiGPU"], "best_qps": [0.90322, 758998.9323392628, "CuannsMultiGPU"], "best_wspq": [0.90322, 758998.9323392628, 0.00024198852621870883, "CuannsMultiGPU"], "cost": [150084.79277958703, 150000, 84.79277958703558, 150000, 1, 847.9277958703558]}, "msturing-1B": {"qps": [604776.1452280363, 634258.0369064846, 555536.953642384, 60879.5779205746, 579735.3369657464, 534218.4532732838, 514038.7106578704, 202582.37583793426, 503039.607000307, 385930.8319270667], "recall": [0.8956370000000001, 0.889949, 0.9054979999999999, 0.983993, 0.900786, 0.909959, 0.914221, 0.962865, 0.9165969999999999, 0.9216120000000001], "wspq": [0.00035834890221311474, 0.00033719732015625005, 0.0003855217501785715, 0.003280714873571429, 0.0003661066082758621, 0.00038747145092592596, 0.0004172552632692307, 0.000995468006904762, 0.0004148989700980392, 0.0005397355658974359], "best_recall": [60879.5779205746, 0.983993, "CuannsMultiGPU"], "best_qps": [0.900786, 579735.3369657464, "CuannsMultiGPU"], "best_wspq": [0.900786, 579735.3369657464, 0.0003661066082758621, "CuannsMultiGPU"], "cost": [150128.28375553986, 150000, 128.28375553986209, 150000, 1, 1282.8375553986207]}, "msspacev-1B": {"qps": [702116.2581882966, 460611.4106162202, 674209.0069690804, 886902.8856318523, 739334.6004136803, 191042.95983070915, 655350.9183957361, 840885.8559910277, 59400.180994390896, 763865.640792441], "recall": [0.9150054577705008, 0.949778278073407, 0.9201562286805841, 0.8934302087597217, 0.9090394323918678, 0.9754093327875564, 0.9250170555328148, 0.9005355437303862, 0.9878530495292672, 0.904850593532542], "wspq": [0.0002619604536203211, 0.0004480396061855884, 0.00027322078950802944, 0.00019742382830178226, 0.00023831883963592573, 0.0010633191607023985, 0.0002952915346385689, 0.0002169645111206828, 0.003376182795515532, 0.00024304750351435465], "best_recall": [59400.180994390896, 0.9878530495292672, "CuannsMultiGPU"], "best_qps": [0.9005355437303862, 840885.8559910277, "CuannsMultiGPU"], "best_wspq": [0.9005355437303862, 840885.8559910277, 0.0002169645111206828, "CuannsMultiGPU"], "cost": [150076.0243646967, 150000, 76.02436469668726, 150000, 1, 760.2436469668726]}, "summary": {"deep-1B": [0.9950399999999999, 809617.4188317956, 0.0002393751903703704, 150083.87706670578], "bigann-1B": [0.99815, 758998.9323392628, 0.00024198852621870883, 150084.79277958703], "text2image-1B": [null, null, null, null], "msturing-1B": [0.983993, 579735.3369657464, 0.0003661066082758621, 150128.28375553986], "msspacev-1B": [0.9878530495292672, 840885.8559910277, 0.0002169645111206828, 150076.0243646967], "ssnpp-1B": [null, null, null, null], "ranking-score": [0.27804546090871873, 2976603.519556675, -0.6497611702177679, -2622654.714044306]}}