{"deep-1B": {"qps": [744872.755687368, 609353.7889353789, 651592.9780953861, 692312.1616268322, 667829.631398774, 717195.7183406859, 41784.30143883387, 912003.4790171777, 404906.40717464546, 779016.7344588697], "recall": [0.8997400000000001, 0.92499, 0.91809, 0.90996, 0.9142100000000001, 0.90556, 0.9950399999999999, 0.8872, 0.95736, 0.8937900000000001], "wspq": [], "best_recall": [41784.30143883387, 0.9950399999999999, "CuannsMultiGPU"], "best_qps": [0.90556, 717195.7183406859, "CuannsMultiGPU"], "best_wspq": [0, 0, 0], "cost": [0, 0, 0, 0, 0, 0]}, "bigann-1B": {"qps": [714167.2058573131, 693284.8476834327, 734785.7468203638, 111915.85306305416, 684739.6088418715, 500890.1680260816, 700837.8030644811, 643831.3940994075, 822896.6058465764, 658167.4957239474], "recall": [0.90322, 0.9124200000000001, 0.8980100000000001, 0.99815, 0.9166799999999999, 0.9675, 0.90791, 0.93143, 0.8868299999999999, 0.92436], "wspq": [], "best_recall": [111915.85306305416, 0.99815, "CuannsMultiGPU"], "best_qps": [0.90322, 714167.2058573131, "CuannsMultiGPU"], "best_wspq": [0, 0, 0], "cost": [0, 0, 0, 0, 0, 0]}, "msturing-1B": {"qps": [580821.5384146689, 515476.57234153687, 606184.2498905219, 636160.8639269546, 385370.5776096995, 203157.5781148208, 556898.5891331653, 504482.64207542146, 535905.7671495943, 60987.956551338866], "recall": [0.900786, 0.914221, 0.8956370000000001, 0.889949, 0.9216120000000001, 0.962865, 0.9054979999999999, 0.9165969999999999, 0.909959, 0.983993], "wspq": [], "best_recall": [60987.956551338866, 0.983993, "CuannsMultiGPU"], "best_qps": [0.900786, 580821.5384146689, "CuannsMultiGPU"], "best_wspq": [0, 0, 0], "cost": [0, 0, 0, 0, 0, 0]}, "msspacev-1B": {"qps": [682195.138003351, 633032.4138385502, 191382.83201890168, 524993.1304581725, 599160.0083032438, 59884.69006172067, 466831.7535545743, 494356.14833874756, 536597.3783930036, 570274.0801424754], "recall": [0.9201562286805841, 0.9250170555328148, 0.9754093327875564, 0.9389173147769136, 0.9290933278755628, 0.9878530495292672, 0.949778278073407, 0.9416598444535408, 0.9359871742393232, 0.9333094555873924], "wspq": [], "best_recall": [59884.69006172067, 0.9878530495292672, "CuannsMultiGPU"], "best_qps": [0.9201562286805841, 682195.138003351, "CuannsMultiGPU"], "best_wspq": [0, 0, 0], "cost": [0, 0, 0, 0, 0, 0]}, "summary": {"deep-1B": [0.9950399999999999, 717195.7183406859, null, null], "bigann-1B": [0.99815, 714167.2058573131, null, null], "text2image-1B": [null, null, null, null], "msturing-1B": [0.983993, 580821.5384146689, null, null], "msspacev-1B": [0.9878530495292672, 682195.138003351, null, null], "ssnpp-1B": [null, null, null, null], "ranking-score": [0.27804546090871873, 2681745.5760448617, null, null]}}