{"deep-1B": {"qps": [701623.2853797256, 818816.1799156645, 841351.19955067, 41521.678011538905, 741488.5266768023, 884501.054407423, 789501.1858600308, 445643.12883826677, 915706.9251593748, 762281.9548188939], "recall": [0.92499, 0.90556, 0.8997400000000001, 0.9950399999999999, 0.91809, 0.8937900000000001, 0.90996, 0.95736, 0.8872, 0.9142100000000001], "wspq": [0.0002740126533475783, 0.0002397653977411477, 0.00023088746413301665, 0.004820387442857142, 0.00026365419905660377, 0.00021958866429378532, 0.0002419646696202532, 0.0004427024401345291, 0.00020995260185589518, 0.00025549064043250334], "best_recall": [41521.678011538905, 0.9950399999999999, "CuannsMultiGPU"], "best_qps": [0.90556, 818816.1799156645, "CuannsMultiGPU"], "best_wspq": [0.90556, 818816.1799156645, 0.0002397653977411477, "CuannsMultiGPU"], "cost": [0, 0, 0, 0, 0, 0]}, "bigann-1B": {"qps": [116623.44812245408, 778741.9235053844, 724204.7102700463, 684013.7640861722, 752058.2381524448, 547430.6298780965, 705624.7371343012, 721253.2457482847, 775186.944387972, 737071.2591160706], "recall": [0.99815, 0.8868299999999999, 0.9124200000000001, 0.93143, 0.90322, 0.9675, 0.92436, 0.9166799999999999, 0.8980100000000001, 0.90791], "wspq": [0.0017212752944444445, 0.00023767764910141207, 0.0002599408720689655, 0.00028192135693430663, 0.00025445392091633464, 0.00034787711541970804, 0.00027330177457507085, 0.0002649848519390581, 0.0002500659737113402, 0.0002514695203929539], "best_recall": [116623.44812245408, 0.99815, "CuannsMultiGPU"], "best_qps": [0.90322, 752058.2381524448, "CuannsMultiGPU"], "best_wspq": [0.90791, 737071.2591160706, 0.0002514695203929539, "CuannsMultiGPU"], "cost": [0, 0, 0, 0, 0, 0]}, "msturing-1B": {"qps": [607082.6970813221, 636313.3517507969, 556710.1003571765, 60932.05928605412, 581008.1991852068, 536447.9335333676, 515776.3999596656, 203500.69575309206, 503884.45856169076, 386650.5527854061], "recall": [0.8956370000000001, 0.889949, 0.9054979999999999, 0.983993, 0.900786, 0.909959, 0.914221, 0.962865, 0.9165969999999999, 0.9216120000000001], "wspq": [0.00034186559672131137, 0.00032278586492187503, 0.00037891956383928567, 0.0032810365449999998, 0.000361589884661017, 0.00038167733277777785, 0.00040756977384615386, 0.0009938989238095237, 0.0004073490061764707, 0.0005225825630769228], "best_recall": [60932.05928605412, 0.983993, "CuannsMultiGPU"], "best_qps": [0.900786, 581008.1991852068, "CuannsMultiGPU"], "best_wspq": [0.900786, 581008.1991852068, 0.000361589884661017, "CuannsMultiGPU"], "cost": [0, 0, 0, 0, 0, 0]}, "msspacev-1B": {"qps": [457004.33760875935, 669386.1760456419, 605071.5301157389, 608741.0630374621, 191617.55108961253, 629094.0982318271, 59520.254840731795, 525246.5444852627, 521855.9299213567, 517685.81066777813], "recall": [0.949778278073407, 0.9201562286805841, 0.9290933278755628, 0.9333094555873924, 0.9754093327875564, 0.9250170555328148, 0.9878530495292672, 0.9416598444535408, 0.9389173147769136, 0.9359871742393232], "wspq": [0.0004377308770304831, 0.000266224268637899, 0.00030088245013687264, 0.00033108545330326304, 0.0010851364825082588, 0.00028850483417262423, 0.003406072881540391, 0.00040203765283652464, 0.00037173088732219377, 0.0003556404890254873], "best_recall": [59520.254840731795, 0.9878530495292672, "CuannsMultiGPU"], "best_qps": [0.9201562286805841, 669386.1760456419, "CuannsMultiGPU"], "best_wspq": [0.9201562286805841, 669386.1760456419, 0.000266224268637899, "CuannsMultiGPU"], "cost": [0, 0, 0, 0, 0, 0]}, "summary": {"deep-1B": [0.9950399999999999, 818816.1799156645, 0.0002397653977411477, null], "bigann-1B": [0.99815, 752058.2381524448, 0.0002514695203929539, null], "text2image-1B": [null, null, null, null], "msturing-1B": [0.983993, 581008.1991852068, 0.000361589884661017, null], "msspacev-1B": [0.9878530495292672, 669386.1760456419, 0.000266224268637899, null], "ssnpp-1B": [null, null, null, null], "ranking-score": [0.27804546090871873, 2808634.768727801, -0.6497065559823205, null]}}