{"deep-1B": {"qps": [696531.544248302, 805064.20468723, 838491.8635800248, 41009.178976350544, 729494.9213858355, 877579.6125036615, 796170.1562233062, 439566.9625546275, 905486.4964055179, 754005.0694806479], "recall": [0.92499, 0.90556, 0.8997400000000001, 0.9950399999999999, 0.91809, 0.8937900000000001, 0.90996, 0.95736, 0.8872, 0.9142100000000001], "wspq": [0.00028241210961262557, 0.00023670566470223326, 0.00022716124189511324, 0.004805959814285715, 0.00026536672691780823, 0.00022447364533029614, 0.0002480882378293601, 0.00044425729306818185, 0.0002133799503863135, 0.00025834138569536425], "best_recall": [41009.178976350544, 0.9950399999999999, "CuannsMultiGPU"], "best_qps": [0.90556, 805064.20468723, "CuannsMultiGPU"], "best_wspq": [0.90556, 805064.20468723, 0.00023670566470223326, "CuannsMultiGPU"], "cost": [0, 0, 0, 0, 0, 0]}, "bigann-1B": {"qps": [115322.861361393, 802522.5776825348, 741318.1569133423, 695077.1423363107, 771493.9484236471, 554860.8318340565, 714897.5626384866, 734309.7743307829, 783440.237592693, 760374.9025579665], "recall": [0.99815, 0.8868299999999999, 0.9124200000000001, 0.93143, 0.90322, 0.9675, 0.92436, 0.9166799999999999, 0.8980100000000001, 0.90791], "wspq": [0.001668997016810345, 0.00023402175628891656, 0.00025404176071428577, 0.0002707972032327586, 0.00024613800466321244, 0.0003389194862162162, 0.0002661398676923077, 0.0002589992136054422, 0.000242079197002551, 0.0002513207867279895], "best_recall": [115322.861361393, 0.99815, "CuannsMultiGPU"], "best_qps": [0.90322, 771493.9484236471, "CuannsMultiGPU"], "best_wspq": [0.90322, 771493.9484236471, 0.00024613800466321244, "CuannsMultiGPU"], "cost": [0, 0, 0, 0, 0, 0]}, "msturing-1B": {"qps": [605429.9988019302, 633613.2067205869, 555456.0262743175, 60849.33655963289, 578677.9395370912, 534025.9634433902, 514013.5124039358, 202538.64808249305, 502349.1564643123, 385698.3770392761], "recall": [0.8956370000000001, 0.889949, 0.9054979999999999, 0.983993, 0.900786, 0.909959, 0.914221, 0.962865, 0.9165969999999999, 0.9216120000000001], "wspq": [0.00034810608999999996, 0.000340539233828125, 0.0003768075345535715, 0.003267897742142857, 0.00036078089974137927, 0.0004017668050925927, 0.0004125169283653846, 0.001007641834047619, 0.0004248871771568628, 0.0005416733601282049], "best_recall": [60849.33655963289, 0.983993, "CuannsMultiGPU"], "best_qps": [0.900786, 578677.9395370912, "CuannsMultiGPU"], "best_wspq": [0.900786, 578677.9395370912, 0.00036078089974137927, "CuannsMultiGPU"], "cost": [0, 0, 0, 0, 0, 0]}, "msspacev-1B": {"qps": [704727.8816591109, 463285.7818084541, 661417.8073844565, 886634.2860933647, 746244.6050542567, 191847.45854676122, 633166.061946766, 841150.4645884213, 59466.771289826014, 773140.1915492958], "recall": [0.9150054577705008, 0.949778278073407, 0.9201562286805841, 0.8934302087597217, 0.9090394323918678, 0.9754093327875564, 0.9250170555328148, 0.9005355437303862, 0.9878530495292672, 0.904850593532542], "wspq": [0.000246716201454009, 0.00042563816129342295, 0.0002592229343032952, 0.0001974237224223855, 0.0002315865978291986, 0.0010275704799220199, 0.00027141772118815166, 0.00020797526472326295, 0.003346070435289684, 0.0002169321474052849], "best_recall": [59466.771289826014, 0.9878530495292672, "CuannsMultiGPU"], "best_qps": [0.9005355437303862, 841150.4645884213, "CuannsMultiGPU"], "best_wspq": [0.9005355437303862, 841150.4645884213, 0.00020797526472326295, "CuannsMultiGPU"], "cost": [0, 0, 0, 0, 0, 0]}, "summary": {"deep-1B": [0.9950399999999999, 805064.20468723, 0.00023670566470223326, null], "bigann-1B": [0.99815, 771493.9484236471, 0.00024613800466321244, null], "text2image-1B": [null, null, null, null], "msturing-1B": [0.983993, 578677.9395370912, 0.00036078089974137927, null], "msspacev-1B": [0.9878530495292672, 841150.4645884213, 0.00020797526472326295, null], "ssnpp-1B": [null, null, null, null], "ranking-score": [0.27804546090871873, 2983752.532665232, -0.6497740052199235, null]}}