{"deep-1B": [0.95788, 968840.432412455, 0.0024637184834112487, 150863.2869565873], "bigann-1B": [0.96978, 764700.1768491677, 0.002244364653864706, 150786.4253747142], "text2image-1B": [null, null, null, null], "msturing-1B": [0.96186, 393528.363138241, 0.006115761284161168, 152142.96275397006], "msspacev-1B": [null, null, null, null], "ssnpp-1B": [null, null, null, null], "ranking-score": [0.09397999999999995, 2116124.3662351263, -0.43117823557856294, -1683055.8537467285]}