{"deep-1B": [0.99551, 934837.4442793464, 0.000199144905320304, 150069.78037482424], "bigann-1B": [0.99872, 776722.9629629629, 0.00024864742546419096, 150087.12605788265], "text2image-1B": [null, null, null, null], "msturing-1B": [0.9833, 392842.7993406264, 0.0004938631283715011, 150173.0496401814], "msspacev-1B": [null, null, null, null], "ssnpp-1B": [null, null, null, null], "ranking-score": [0.18198999999999999, 2093458.6004181982, -0.44106042454084404, -1686518.5727591119]}