{"deep-1B": {"qps": [49080.04788292788, 918755.8047840181, 788328.9164552204, 968840.432412455, 989946.4230923551, 835479.8913729109, 860776.161060603, 1025452.0561341743, 525202.7280847476, 891652.5769031809], "recall": [0.99551, 0.9063333333333332, 0.9257633333333332, 0.9010233333333334, 0.8951966666666668, 0.9190066666666666, 0.9149266666666668, 0.8886133333333334, 0.95788, 0.9106], "wspq": [0.055177079986, 0.0025546096068539627, 0.0029964001576242077, 0.0024637184834112487, 0.002325377609891919, 0.0027886302255155314, 0.0027184583768292683, 0.0022562530359741717, 0.0048042236212083355, 0.002632601673223155], "best_recall": [525202.7280847476, 0.95788, "CuannsMultiGPU", false], "best_qps": [0.9010233333333334, 968840.432412455, "CuannsMultiGPU", false], "best_wspq": [0.9010233333333334, 968840.432412455, 0.0024637184834112487, "CuannsMultiGPU", false], "cost": [150863.2869565873, 150000, 863.2869565873016, 150000, 1, 8632.869565873016], "cache": [1, 10, 0]}, "bigann-1B": {"qps": [118882.46114775332, 788684.6806190179, 733770.227952625, 684527.2795521682, 752462.9985109705, 538829.6656003905, 692072.2712647471, 722819.3771864822, 764700.1768491677, 740729.0194970331], "recall": [0.99872, 0.8926399999999999, 0.9192100000000001, 0.93648, 0.91001, 0.96978, 0.93067, 0.92331, 0.90487, 0.91479], "wspq": [0.01889804388469748, 0.002183040677309886, 0.0023986114164666213, 0.002572192939019708, 0.0023232106006075694, 0.003489845873479592, 0.002493904405422799, 0.0024382022882074683, 0.002244364653864706, 0.0023397580445823213], "best_recall": [538829.6656003905, 0.96978, "CuannsMultiGPU", false], "best_qps": [0.90487, 764700.1768491677, "CuannsMultiGPU", false], "best_wspq": [0.90487, 764700.1768491677, 0.002244364653864706, "CuannsMultiGPU", false], "cost": [150786.4253747142, 150000, 786.4253747141929, 150000, 1, 7864.253747141929], "cache": [1, 10, 0]}, "msturing-1B": {"qps": [426302.3946009676, 384157.09549193096, 393528.363138241, 48091.87473628208, 407482.9984844363, 366129.2969500166, 364503.3849255664, 152873.70063127813, 356373.64691488096, 229198.19233984887], "recall": [0.8946700000000001, 0.8890499999999999, 0.90379, 0.9833, 0.8992899999999999, 0.90849, 0.91262, 0.96186, 0.91486, 0.91969], "wspq": [0.0054273587317927394, 0.005237565003775324, 0.006115761284161168, 0.050054875767459185, 0.00586765703732598, 0.006326531455745232, 0.006607984508069864, 0.016893227292545752, 0.006703265608033614, 0.009173039609860871], "best_recall": [152873.70063127813, 0.96186, "CuannsMultiGPU", false], "best_qps": [0.90379, 393528.363138241, "CuannsMultiGPU", false], "best_wspq": [0.90379, 393528.363138241, 0.006115761284161168, "CuannsMultiGPU", false], "cost": [152142.96275397006, 150000, 2142.9627539700737, 150000, 1, 21429.627539700734], "cache": [1, 10, 0]}, "msspacev-1B": {"qps": [1004768.1103871216, 738954.1930937279, 801265.4262025752, 212571.81085149266, 483588.0230131553, 717113.9707977612, 835075.1260950358, 971046.0638519536, 60242.24416975189, 901219.1575765824], "recall": [0.05820333333333332, 0.07882666666666667, 0.07409, 0.18218666666666666, 0.11784, 0.08376333333333333, 0.06903333333333334, 0.06281333333333332, 0.2489, 0.06606666666666666], "wspq": [0.0019227654332701488, 0.0027226908763724697, 0.002571003036115049, 0.012341501728741785, 0.0045856089048878605, 0.002872125572319445, 0.0024048698736045407, 0.002062359496949589, 0.038700638289, 0.002247035050088594], "best_recall": [212571.81085149266, 0.18218666666666666, "CuannsMultiGPU", false], "best_qps": [0.18218666666666666, 212571.81085149266, "CuannsMultiGPU", false], "best_wspq": [0.05820333333333332, 1004768.1103871216, 0.0019227654332701488, "CuannsMultiGPU", false], "cost": [150673.73700781786, 150000, 673.7370078178601, 150000, 1, 6737.370078178601], "cache": [1, 10, 0]}, "summary": {"deep-1B": [0.95788, 968840.432412455, 0.0024637184834112487, 150863.2869565873], "bigann-1B": [0.96978, 764700.1768491677, 0.002244364653864706, 150786.4253747142], "text2image-1B": [null, null, null, null], "msturing-1B": [0.96186, 393528.363138241, 0.006115761284161168, 152142.96275397006], "msspacev-1B": [0.18218666666666666, 212571.81085149266, 0.0019227654332701488, 150673.73700781786], "ssnpp-1B": [null, null, null, null], "ranking-score": [0.04779333333333333, 2328104.4818930975, -0.4374622617643404, -5278980.776522226]}}