{"deep-1B": {"qps": [48765.55204905501, 920981.6651418116, 786554.8992030005, 934837.4442793464, 990757.06873066, 835940.5809040419, 852125.5544644974, 1022834.6610307269, 526629.3061234739, 890207.9972833006], "recall": [0.99551, 0.9063333333333332, 0.9257633333333332, 0.9010233333333334, 0.8951966666666668, 0.9190066666666666, 0.9149266666666668, 0.8886133333333334, 0.95788, 0.9106], "wspq": [0.004099799828431372, 0.000199144905320304, 0.00023805264309252218, 0.00020037239022435891, 0.0001902735143504532, 0.00022477887783751494, 0.0002198382593567252, 0.00017821088567937442, 0.00036035028844696976, 0.00021376364674523002], "best_recall": [48765.55204905501, 0.99551, "CuannsMultiGPU", true], "best_qps": [0.9010233333333334, 934837.4442793464, "CuannsMultiGPU", false], "best_wspq": [0.9063333333333332, 920981.6651418116, 0.000199144905320304, "CuannsMultiGPU", false], "cost": [150069.78037482424, 150000, 69.78037482423453, 150000, 1, 697.8037482423453], "cache": [1, 10, 1]}, "bigann-1B": {"qps": [118267.67612683105, 806519.3731371984, 722296.5782086828, 693491.1790479654, 753084.4779603195, 540510.0581193056, 707266.748731093, 716766.7515422868, 776722.9629629629, 758175.7379656911], "recall": [0.99872, 0.8926399999999999, 0.9192100000000001, 0.93648, 0.91001, 0.96978, 0.93067, 0.92331, 0.90487, 0.91479], "wspq": [0.0016721538184873946, 0.00024040746511771996, 0.0002604406645919778, 0.00028001830093659947, 0.00024864742546419096, 0.00035562584907578563, 0.00027521136864406783, 0.0002637622451882845, 0.00025028287245817244, 0.00025710271752305664], "best_recall": [118267.67612683105, 0.99872, "CuannsMultiGPU", true], "best_qps": [0.90487, 776722.9629629629, "CuannsMultiGPU", false], "best_wspq": [0.91001, 753084.4779603195, 0.00024864742546419096, "CuannsMultiGPU", false], "cost": [150087.12605788265, 150000, 87.12605788265252, 150000, 1, 871.2605788265251], "cache": [1, 10, 1]}, "msturing-1B": {"qps": [426575.5403000255, 380922.90366818337, 392842.7993406264, 47942.354468808866, 406866.36659941025, 380798.4021063144, 369737.658674189, 153002.52067427125, 361297.6139202343, 230601.97377463785], "recall": [0.8946700000000001, 0.8890499999999999, 0.90379, 0.9833, 0.8992899999999999, 0.90849, 0.91262, 0.96186, 0.91486, 0.91969], "wspq": [0.0004468207105386417, 0.00043512336194225735, 0.0004938631283715011, 0.004037311028125001, 0.00047135056977886975, 0.0005097906763779529, 0.0005325614572972972, 0.0012573890603896107, 0.0005387246466850828, 0.0007142648316017316], "best_recall": [47942.354468808866, 0.9833, "CuannsMultiGPU", true], "best_qps": [0.90379, 392842.7993406264, "CuannsMultiGPU", false], "best_wspq": [0.90379, 392842.7993406264, 0.0004938631283715011, "CuannsMultiGPU", false], "cost": [150173.0496401814, 150000, 173.049640181374, 150000, 1, 1730.49640181374], "cache": [1, 10, 1]}, "summary": {"deep-1B": [0.99551, 934837.4442793464, 0.000199144905320304, 150069.78037482424], "bigann-1B": [0.99872, 776722.9629629629, 0.00024864742546419096, 150087.12605788265], "text2image-1B": [null, null, null, null], "msturing-1B": [0.9833, 392842.7993406264, 0.0004938631283715011, 150173.0496401814], "msspacev-1B": [null, null, null, null], "ssnpp-1B": [null, null, null, null], "ranking-score": [0.18198999999999999, 2093458.6004181982, -0.44106042454084404, -1686518.5727591119]}}