{"deep-1B": {"qps": [41560.846455990715, 801694.2543675217, 699960.6154667735, 834371.879289423, 848465.4286523445, 734978.8844691329, 745216.8505587833, 891002.2517738029, 442871.59344082273, 785788.6355546395], "recall": [0.9950399999999999, 0.90556, 0.92499, 0.8997400000000001, 0.8937900000000001, 0.91809, 0.9142100000000001, 0.8872, 0.95736, 0.90996], "wspq": [0.051221545871238096, 0.002881986984515586, 0.0033764693954035714, 0.0027849790578670657, 0.002704801722681979, 0.0031896697408897953, 0.003088884691436327, 0.0025927312971995515, 0.005419725889987585, 0.002986379504815522], "best_recall": [442871.59344082273, 0.95736, "CuannsMultiGPU", false], "best_qps": [0.90556, 801694.2543675217, "CuannsMultiGPU", false], "best_wspq": [0.90556, 801694.2543675217, 0.002881986984515586, "CuannsMultiGPU", false], "cost": [151009.84823937426, 150000, 1009.8482393742614, 150000, 1, 10098.482393742614], "cache": [1, 10, 0]}, "bigann-1B": {"qps": [110509.6142192432, 771465.5679811655, 730155.281665622, 677845.4029768734, 747421.2805388741, 545089.9970109296, 692700.9083402148, 711985.0619589204, 760678.2857868297, 738511.8146283057], "recall": [0.99815, 0.8868299999999999, 0.9124200000000001, 0.93143, 0.90322, 0.9675, 0.92436, 0.9166799999999999, 0.8980100000000001, 0.90791], "wspq": [0.0192066260881982, 0.002198455257650907, 0.00241936475868673, 0.0026536049666917405, 0.0023519814993001337, 0.0034928384451501835, 0.0025770016453419914, 0.0024609625520421352, 0.0023020591823810772, 0.002374981184658322], "best_recall": [545089.9970109296, 0.9675, "CuannsMultiGPU", false], "best_qps": [0.90322, 747421.2805388741, "CuannsMultiGPU", false], "best_wspq": [0.90322, 747421.2805388741, 0.0023519814993001337, "CuannsMultiGPU", false], "cost": [150824.13431735476, 150000, 824.1343173547671, 150000, 1, 8241.34317354767], "cache": [1, 10, 0]}, "msturing-1B": {"qps": [611637.4772147285, 640422.1532748638, 560933.0553389761, 60950.281747469344, 584293.4796236497, 539132.3349267907, 518841.4617552245, 203400.6275186825, 506566.40744359506, 387813.1567681621], "recall": [0.8956370000000001, 0.889949, 0.9054979999999999, 0.983993, 0.900786, 0.909959, 0.914221, 0.962865, 0.9165969999999999, 0.9216120000000001], "wspq": [0.004800556904720161, 0.004571650210185386, 0.005273211221750877, 0.04643060621944287, 0.0049266533826889825, 0.0055369276710333344, 0.005674467674910578, 0.01504107662395, 0.0058146927664009815, 0.007971091818117948], "best_recall": [203400.6275186825, 0.962865, "CuannsMultiGPU", false], "best_qps": [0.900786, 584293.4796236497, "CuannsMultiGPU", false], "best_wspq": [0.900786, 584293.4796236497, 0.0049266533826889825, "CuannsMultiGPU", false], "cost": [151726.29934529422, 150000, 1726.2993452942196, 150000, 1, 17262.993452942195], "cache": [1, 10, 0]}, "msspacev-1B": {"qps": [886500.0473241386, 662708.2604693277, 703361.3018339073, 191841.47217164602, 464048.0957078646, 640607.9724918335, 749501.4876871313, 839748.7865050369, 59622.45131633688, 790415.6235632923], "recall": [0.8934302087597217, 0.9201562286805841, 0.9150054577705008, 0.9754093327875564, 0.949778278073407, 0.9250170555328148, 0.9090394323918678, 0.9005355437303862, 0.9878530495292672, 0.904850593532542], "wspq": [0.0022137448434470953, 0.0031210049357179217, 0.0029183174179230912, 0.013625208157408095, 0.005310118487785664, 0.0032834345969777593, 0.0027588364281576987, 0.00232876876871711, 0.04046151110679038, 0.0026066538054538547], "best_recall": [191841.47217164602, 0.9754093327875564, "CuannsMultiGPU", false], "best_qps": [0.9005355437303862, 839748.7865050369, "CuannsMultiGPU", false], "best_wspq": [0.9005355437303862, 839748.7865050369, 0.00232876876871711, "CuannsMultiGPU", false], "cost": [150816.00057655846, 150000, 816.0005765584755, 150000, 1, 8160.005765584754], "cache": [1, 10, 0]}, "summary": {"deep-1B": [0.95736, 801694.2543675217, 0.002881986984515586, 151009.84823937426], "bigann-1B": [0.9675, 747421.2805388741, 0.0023519814993001337, 150824.13431735476], "text2image-1B": [null, null, null, null], "msturing-1B": [0.962865, 584293.4796236497, 0.0049266533826889825, 151726.29934529422], "msspacev-1B": [0.9754093327875564, 839748.7865050369, 0.00232876876871711, 150816.00057655846], "ssnpp-1B": [null, null, null, null], "ranking-score": [0.16602474416700808, 2959312.9011203796, -0.5830287263428542, -2268943.165710536]}}