{"deep-1B": [0.95736, 816807.0107108081, 0.00023413393586291307, 150082.04053112637], "bigann-1B": [0.9675, 767653.2815988872, 0.0002527883544270833, 150088.57703939124], "text2image-1B": [null, null, null, null], "msturing-1B": [0.962865, 586721.8001569514, 0.00036354741, 150127.387012464], "msspacev-1B": [0.9754093327875564, 844286.628929263, 0.0002248213397405285, 150078.77739744508], "ssnpp-1B": [null, null, null, null], "ranking-score": [0.16602474416700808, 3001623.821481207, -0.5944428259380455, -2272942.6662086914]}