{"deep-1B": [0.9950399999999999, 801694.2543675217, 0.002881986984515586, 151009.84823937426], "bigann-1B": [0.99815, 747421.2805388741, 0.0023519814993001337, 150824.13431735476], "text2image-1B": [null, null, null, null], "msturing-1B": [0.983993, 584293.4796236497, 0.0049266533826889825, 151726.29934529422], "msspacev-1B": [0.9878530495292672, 839748.7865050369, 0.00232876876871711, 150816.00057655846], "ssnpp-1B": [null, null, null, null], "ranking-score": [0.26792646090871886, 2959312.9011203796, -0.5830287263428542, -2268943.165710536]}