{"deep-1B": {"qps": [699902.2143608057, 816807.0107108081, 848396.7798050083, 40258.77393370934, 738264.8337528383, 877047.4457896828, 790349.1680642181, 446511.31101293454, 906308.2607662224, 759438.7006826124], "recall": [0.92499, 0.90556, 0.8997400000000001, 0.9950399999999999, 0.91809, 0.8937900000000001, 0.90996, 0.95736, 0.8872, 0.9142100000000001], "wspq": [0.0002807282502857143, 0.00023413393586291307, 0.00022389101189634864, 0.004863621531707317, 0.0002642873650879567, 0.00022411993940774487, 0.000248693585335019, 0.00044229542449664426, 0.00021483911615215, 0.0002569382934210526], "best_recall": [446511.31101293454, 0.95736, "CuannsMultiGPU", false], "best_qps": [0.90556, 816807.0107108081, "CuannsMultiGPU", false], "best_wspq": [0.90556, 816807.0107108081, 0.00023413393586291307, "CuannsMultiGPU", false], "cost": [150082.04053112637, 150000, 82.04053112636475, 150000, 1, 820.4053112636475], "cache": [1, 10, 0]}, "bigann-1B": {"qps": [114860.20056631777, 794887.6170261153, 742630.7123001469, 683645.846916156, 767653.2815988872, 542292.0976417046, 703494.4063333389, 724605.0722133924, 760885.2768304187, 739657.8845272105], "recall": [0.99815, 0.8868299999999999, 0.9124200000000001, 0.93143, 0.90322, 0.9675, 0.92436, 0.9166799999999999, 0.8980100000000001, 0.90791], "wspq": [0.001707408900869565, 0.0002401852876100629, 0.00025998836756393004, 0.0002787789333333333, 0.0002527883544270833, 0.00035622079281767964, 0.0002720751613636364, 0.00026651113696551725, 0.00025077417279894876, 0.0002569782168918919], "best_recall": [542292.0976417046, 0.9675, "CuannsMultiGPU", false], "best_qps": [0.90322, 767653.2815988872, "CuannsMultiGPU", false], "best_wspq": [0.90322, 767653.2815988872, 0.0002527883544270833, "CuannsMultiGPU", false], "cost": [150088.57703939124, 150000, 88.57703939125, 150000, 1, 885.7703939124999], "cache": [1, 10, 0]}, "msturing-1B": {"qps": [613095.6748752776, 643826.4526874046, 561584.963360375, 60920.465628692415, 586721.8001569514, 539991.6316375597, 513327.8096051677, 203803.373639162, 507856.30911847187, 389482.32506138034], "recall": [0.8956370000000001, 0.889949, 0.9054979999999999, 0.983993, 0.900786, 0.909959, 0.914221, 0.962865, 0.9165969999999999, 0.9216120000000001], "wspq": [0.0003568136257258065, 0.00030628656715384615, 0.00038778280807017564, 0.0032724896357142863, 0.00036354741, 0.0003893605016666666, 0.00042037563, 0.0009819451295238096, 0.0004163232403921568, 0.0005404296200000001], "best_recall": [203803.373639162, 0.962865, "CuannsMultiGPU", false], "best_qps": [0.900786, 586721.8001569514, "CuannsMultiGPU", false], "best_wspq": [0.900786, 586721.8001569514, 0.00036354741, "CuannsMultiGPU", false], "cost": [150127.387012464, 150000, 127.38701246400001, 150000, 1, 1273.87012464], "cache": [1, 10, 0]}, "summary": {"deep-1B": [0.95736, 816807.0107108081, 0.00023413393586291307, 150082.04053112637], "bigann-1B": [0.9675, 767653.2815988872, 0.0002527883544270833, 150088.57703939124], "text2image-1B": [null, null, null, null], "msturing-1B": [0.962865, 586721.8001569514, 0.00036354741, 150127.387012464], "ssnpp-1B": [null, null, null, null], "ranking-score": [0.09915000000000007, 2160602.559822765, -0.44265920437970996, -1687078.7852146504]}}