{"deep-1B": [0.95736, 816807.0107108081, 0.00023413393586291307, 150082.04053112637], "bigann-1B": [0.9675, 767653.2815988872, 0.0002527883544270833, 150088.57703939124], "text2image-1B": [null, null, null, null], "msturing-1B": [0.962865, 586721.8001569514, 0.00036354741, 150127.387012464], "ssnpp-1B": [null, null, null, null], "ranking-score": [0.09915000000000007, 2160602.559822765, -0.44265920437970996, -1687078.7852146504]}