{"deep-1B": [0.9950399999999999, 816807.0107108081, 0.00023413393586291307, 150082.04053112637], "bigann-1B": [0.99815, 767653.2815988872, 0.0002527883544270833, 150088.57703939124], "text2image-1B": [null, null, null, null], "msturing-1B": [0.983993, 586721.8001569514, 0.00036354741, 150127.387012464], "msspacev-1B": [0.9878530495292672, 844286.628929263, 0.0002248213397405285, 150078.77739744508], "ssnpp-1B": [null, null, null, null], "ranking-score": [0.26792646090871886, 3001623.821481207, -0.5944428259380455, -2272942.6662086914]}