{"deep-1B": [0.9950399999999999, 809617.4188317956, 0.0002393751903703704, null], "bigann-1B": [0.99815, 758998.9323392628, 0.00024198852621870883, null], "text2image-1B": [null, null, null, null], "msturing-1B": [0.983993, 579735.3369657464, 0.0003661066082758621, null], "msspacev-1B": [0.9878530495292672, 840885.8559910277, 0.0002169645111206828, null], "ssnpp-1B": [null, null, null, null], "ranking-score": [0.27804546090871873, 2976603.519556675, -0.6497611702177679, null]}