{"deep-1B": [0.9950399999999999, 717195.7183406859, null, null], "bigann-1B": [0.99815, 714167.2058573131, null, null], "text2image-1B": [null, null, null, null], "msturing-1B": [0.983993, 580821.5384146689, null, null], "msspacev-1B": [0.9878530495292672, 682195.138003351, null, null], "ssnpp-1B": [null, null, null, null], "ranking-score": [0.27804546090871873, 2681745.5760448617, null, null]}