{"deep-1B": [0.9950399999999999, 818816.1799156645, 0.0002397653977411477, null], "bigann-1B": [0.99815, 752058.2381524448, 0.0002514695203929539, null], "text2image-1B": [null, null, null, null], "msturing-1B": [0.983993, 581008.1991852068, 0.000361589884661017, null], "msspacev-1B": [0.9878530495292672, 669386.1760456419, 0.000266224268637899, null], "ssnpp-1B": [null, null, null, null], "ranking-score": [0.27804546090871873, 2808634.768727801, -0.6497065559823205, null]}