{"deep-1B": [0.9950399999999999, 805064.20468723, 0.00023670566470223326, 150082.94166491166], "bigann-1B": [0.99815, 771493.9484236471, 0.00024613800466321244, 150086.24675683398], "text2image-1B": [null, null, null, null], "msturing-1B": [0.983993, 578677.9395370912, 0.00036078089974137927, 150126.41762726937], "msspacev-1B": [0.9878530495292672, 841150.4645884213, 0.00020797526472326295, 150072.87453275904], "ssnpp-1B": [null, null, null, null], "ranking-score": [0.27804546090871873, 2983752.532665232, -0.6497740052199235, -2622659.2114290614]}