{"deep-1B": [0.9950399999999999, 809617.4188317956, 0.0002393751903703704, 150083.87706670578], "bigann-1B": [0.99815, 758998.9323392628, 0.00024198852621870883, 150084.79277958703], "text2image-1B": [null, null, null, null], "msturing-1B": [0.983993, 579735.3369657464, 0.0003661066082758621, 150128.28375553986], "msspacev-1B": [0.9878530495292672, 840885.8559910277, 0.0002169645111206828, 150076.0243646967], "ssnpp-1B": [null, null, null, null], "ranking-score": [0.27804546090871873, 2976603.519556675, -0.6497611702177679, -2622654.714044306]}