{"deep-1B": {"qps": [64952.44289585753, 93125.8395483036, 100055.20051336, 90903.06976099037, 3578.199577745041, 60755.84410317026, 2416.724967707312, 83921.15904448059, 75570.5941068578, 69972.94041887298], "recall": [0.93321, 0.90133, 0.8947100000000001, 0.90699, 0.9951, 0.9375700000000001, 0.99544, 0.91217, 0.92065, 0.92755], "wspq": [0.0029540508561538463, 0.002342992882978723, 0.0021490163227722773, 0.0024114781236263733, 0.048355761200000014, 0.0031822495934426226, 0.07153519373333335, 0.0024492452589285714, 0.0026677274322368426, 0.0028277531414285712], "best_recall": [2416.724967707312, 0.99544, "CuannsIvfpq(refine_rate=8,num_probes=3072)"], "best_qps": [0.90133, 93125.8395483036, "CuannsIvfpq(refine_rate=4,num_probes=48)"], "best_wspq": [0.90133, 93125.8395483036, 0.002342992882978723, "CuannsIvfpq(refine_rate=4,num_probes=48)"], "cost": [300820.98470619577, 300000, 820.9847061957446, 150000, 2, 8209.847061957445]}, "bigann-1B": {"qps": [56940.556141572684, 85256.14627056803, 65170.33333281541, 87978.85639971473, 3570.6642750455126, 60457.651720554255, 2408.141154842186, 82893.1854249796, 76494.84235252923, 69186.45007191968], "recall": [0.9416700000000001, 0.90246, 0.93073, 0.8992800000000001, 0.99865, 0.9367, 0.9988100000000001, 0.90554, 0.91586, 0.9238], "wspq": [0.003270254668421053, 0.002299997290116279, 0.002891978078787879, 0.002282307548863637, 0.048509070250000015, 0.003067445890163935, 0.07187183341666667, 0.0023561272861445785, 0.0025626644149350656, 0.0027418656328571434], "best_recall": [2408.141154842186, 0.9988100000000001, "CuannsIvfpq(refine_rate=8,num_probes=3072)"], "best_qps": [0.90246, 85256.14627056803, "CuannsIvfpq(refine_rate=4,num_probes=54)"], "best_wspq": [0.90246, 85256.14627056803, 0.002299997290116279, "CuannsIvfpq(refine_rate=4,num_probes=54)"], "cost": [300805.9190504567, 300000, 805.9190504567442, 150000, 2, 8059.190504567442]}, "text2image-1B": {"qps": [2288.019414701484, 9398.213321649382, 10854.147598669317, 10508.636776831325, 9575.429867171657, 10677.766529965182, 8164.656056575525, 3221.6628016428026, 8725.575230964985, 10021.602945535604], "recall": [0.945656, 0.907392, 0.8991709999999999, 0.901525, 0.9055469999999999, 0.9003650000000001, 0.913122, 0.9413530000000001, 0.910414, 0.903674], "wspq": [0.08493088074999998, 0.020870371755, 0.016032314184999997, 0.018107831560000003, 0.018506129519999998, 0.017121340529999998, 0.025816021109999997, 0.060298489215, 0.024980657445000002, 0.018009096922500002], "best_recall": [2288.019414701484, 0.945656, "CuannsIvfpq(refine_rate=256,num_probes=1536)"], "best_qps": [0.9003650000000001, 10677.766529965182, "CuannsIvfpq(refine_rate=128,num_probes=264)"], "best_wspq": [0.9003650000000001, 10677.766529965182, 0.017121340529999998, "CuannsIvfpq(refine_rate=128,num_probes=264)"], "cost": [1505999.317721712, 1500000, 5999.317721711999, 150000, 10, 59993.17721711999]}, "msturing-1B": {"qps": [72974.241646586, 111894.89365153217, 103598.92486238445, 3915.595148143189, 106118.09728912458, 68287.69536452305, 2618.122854706355, 93646.77051461356, 86201.82301380753, 80353.22202836759], "recall": [0.925283, 0.9005620000000001, 0.904106, 0.9866, 0.902393, 0.928299, 0.989926, 0.910075, 0.9149959999999999, 0.919185], "wspq": [0.002418338435, 0.0016024566925000002, 0.0017337389281818182, 0.044104346669999996, 0.001757735475, 0.0025851193671428572, 0.06570948459999999, 0.001859898364, 0.002034775013333333, 0.0021762185605555557], "best_recall": [2618.122854706355, 0.989926, "CuannsIvfpq(refine_rate=8,num_probes=3072)"], "best_qps": [0.9005620000000001, 111894.89365153217, "CuannsIvfpq(refine_rate=3,num_probes=44)"], "best_wspq": [0.9005620000000001, 111894.89365153217, 0.0016024566925000002, "CuannsIvfpq(refine_rate=3,num_probes=44)"], "cost": [150561.500825052, 150000, 561.5008250520002, 150000, 1, 5615.008250520002]}, "msspacev-1B": {"qps": [101187.16635614923, 4588.224927406095, 74971.81005386302, 81152.53829857164, 109378.56968735183, 106812.42106049537, 96451.33754928062, 91929.91631969962, 114854.58353984267, 3497.7799850189685], "recall": [0.9106835857552188, 0.9928537317505798, 0.9302633374266612, 0.9255184881975712, 0.9010437986082686, 0.9045026606631192, 0.9153226906808568, 0.9192079410560784, 0.8966264156092236, 0.994282985400464], "wspq": [0.0018011395191314347, 0.03758448309796699, 0.002393874488334015, 0.0022474632940568773, 0.0016799885310518415, 0.001701066768262327, 0.0019306403334408348, 0.0020156903477409945, 0.0016835509367751401, 0.049265768027698185], "best_recall": [3497.7799850189685, 0.994282985400464, "CuannsIvfpq(refine_rate=8,num_probes=4096)"], "best_qps": [0.9010437986082686, 109378.56968735183, "CuannsIvfpq(refine_rate=2,num_probes=36)"], "best_wspq": [0.9010437986082686, 109378.56968735183, 0.0016799885310518415, "CuannsIvfpq(refine_rate=2,num_probes=36)"], "cost": [150588.66798128057, 150000, 588.6679812805654, 150000, 1, 5886.6798128056535]}, "summary": {"deep-1B": [0.99544, 93125.8395483036, 0.002342992882978723, 300820.98470619577], "bigann-1B": [0.9988100000000001, 85256.14627056803, 0.002299997290116279, 300805.9190504567], "text2image-1B": [0.945656, 10677.766529965182, 0.017121340529999998, 1505999.317721712], "msturing-1B": [0.989926, 111894.89365153217, 0.0016024566925000002, 150561.500825052], "msspacev-1B": [0.994282985400464, 109378.56968735183, 0.0016799885310518415, 150588.66798128057], "ssnpp-1B": [null, null, null, null], "ranking-score": [0.36672739677991595, 394699.6585085961, -0.6832266564114291, -1737278.920406565]}}