{"deep-1B": {"qps": [64745.098160285765, 97268.47074156617, 94371.29736504015, 91705.63618633656, 3562.330532964669, 60509.54752410685, 2415.779274830326, 84010.5836850212, 75074.98004231388, 69460.86443858194], "recall": [0.93314, 0.90121, 0.8947700000000001, 0.90702, 0.99515, 0.93768, 0.9954200000000001, 0.91206, 0.92064, 0.92748], "wspq": [0.003231848322307692, 0.002337499740816326, 0.0022233527010526322, 0.0024360159956521737, 0.0487917513, 0.0033165850188524595, 0.07167809519999999, 0.0025743742523529423, 0.002838833331578947, 0.003019568925714285], "best_recall": [2415.779274830326, 0.9954200000000001, "CuannsIvfpq(refine_rate=8,num_probes=3072)"], "best_qps": [0.90121, 97268.47074156617, "CuannsIvfpq(refine_rate=4,num_probes=48)"], "best_wspq": [0.90121, 97268.47074156617, 0.002337499740816326, "CuannsIvfpq(refine_rate=4,num_probes=48)"], "cost": [0, 0, 0, 0, 0, 0]}, "bigann-1B": {"qps": [56568.55776817204, 84367.1414404937, 64479.344738104315, 87822.8259981951, 3566.890767507963, 60600.29532195005, 2405.7996102703564, 81993.66618446259, 76114.3483476181, 69003.64899858186], "recall": [0.9416700000000001, 0.90246, 0.9307200000000001, 0.8992699999999999, 0.99865, 0.93671, 0.99882, 0.90554, 0.9158700000000001, 0.92379], "wspq": [0.0033301690666666666, 0.002392369889411765, 0.0030020681861538463, 0.00236026055, 0.048048841975000006, 0.003121148463114754, 0.07111072620000003, 0.0024233362585365857, 0.002590749144805195, 0.0027345178457142856], "best_recall": [2405.7996102703564, 0.99882, "CuannsIvfpq(refine_rate=8,num_probes=3072)"], "best_qps": [0.90246, 84367.1414404937, "CuannsIvfpq(refine_rate=4,num_probes=54)"], "best_wspq": [0.90246, 84367.1414404937, 0.002392369889411765, "CuannsIvfpq(refine_rate=4,num_probes=54)"], "cost": [0, 0, 0, 0, 0, 0]}, "msturing-1B": {"qps": [72156.41909897374, 111580.13581249936, 103031.64738709408, 3896.360604053761, 105542.09324574527, 68185.35252637358, 2612.5634727025367, 92433.88503151207, 85145.77772310219, 79562.57036385762], "recall": [0.92528, 0.9005610000000001, 0.904114, 0.986599, 0.90239, 0.928293, 0.989926, 0.910076, 0.914994, 0.919176], "wspq": [0.002439371567500001, 0.0017287234333333338, 0.001817105465, 0.04395103113, 0.001684205400909091, 0.00256281508, 0.06572650338000001, 0.001903095007, 0.0020640208555555554, 0.002287739761875], "best_recall": [2612.5634727025367, 0.989926, "CuannsIvfpq(refine_rate=8,num_probes=3072)"], "best_qps": [0.9005610000000001, 111580.13581249936, "CuannsIvfpq(refine_rate=3,num_probes=44)"], "best_wspq": [0.90239, 105542.09324574527, 0.001684205400909091, "CuannsIvfpq(refine_rate=3,num_probes=46)"], "cost": [0, 0, 0, 0, 0, 0]}, "msspacev-1B": {"qps": [101300.95712100154, 4619.533162129887, 74724.50314248314, 81296.27936885742, 109555.05903988023, 106795.44406016526, 96589.4586522275, 92027.20400799623, 112823.47787118547, 3511.9983993815517], "recall": [0.9107142857142858, 0.9928366762177652, 0.9302496930004092, 0.9255287215172604, 0.9010301541820166, 0.904506071769682, 0.91532610178742, 0.9192147632692044, 0.8966332378223496, 0.994276163187338], "wspq": [0.0018399026796678559, 0.037219790779778966, 0.002366053495334656, 0.0022311121157632106, 0.0016834590375473068, 0.0017144870843520555, 0.0018543358435976628, 0.001992535906160458, 0.0017045359403808546, 0.048682072844180656], "best_recall": [3511.9983993815517, 0.994276163187338, "CuannsIvfpq(refine_rate=8,num_probes=4096)"], "best_qps": [0.9010301541820166, 109555.05903988023, "CuannsIvfpq(refine_rate=2,num_probes=36)"], "best_wspq": [0.9010301541820166, 109555.05903988023, 0.0016834590375473068, "CuannsIvfpq(refine_rate=2,num_probes=36)"], "cost": [0, 0, 0, 0, 0, 0]}, "summary": {"deep-1B": [0.9954200000000001, 97268.47074156617, 0.002337499740816326, null], "bigann-1B": [0.99882, 84367.1414404937, 0.002392369889411765, null], "text2image-1B": [null, null, null, null], "msturing-1B": [0.989926, 111580.13581249936, 0.001684205400909091, null], "msspacev-1B": [0.994276163187338, 109555.05903988023, 0.0016834590375473068, null], "ssnpp-1B": [null, null, null, null], "ranking-score": [0.2914515745667897, 390136.782463282, -0.6427280709850691, null]}}