{"deep-1B": {"qps": [64572.95491459406, 93842.17132450167, 96454.48524541908, 89604.64867867291, 3555.587505109621, 60596.53061607785, 2410.753133895618, 83341.52646607069, 74964.54902100965, 69267.00213202715], "recall": [0.93312, 0.90128, 0.8946700000000001, 0.9070299999999999, 0.99519, 0.93765, 0.99532, 0.91205, 0.9205899999999999, 0.9275200000000001], "wspq": [0.0032434180646153843, 0.002406242478723404, 0.0021954767283505158, 0.0024854277322222218, 0.0485411378625, 0.003416965922131148, 0.07219258723333334, 0.002647581774404761, 0.002924821987333333, 0.0030547744899999995], "best_recall": [2410.753133895618, 0.99532, "CuannsIvfpq(refine_rate=8,num_probes=3072)"], "best_qps": [0.90128, 93842.17132450167, "CuannsIvfpq(refine_rate=4,num_probes=48)"], "best_wspq": [0.90128, 93842.17132450167, 0.002406242478723404, "CuannsIvfpq(refine_rate=4,num_probes=48)"], "cost": [300843.1473645447, 300000, 843.147364544681, 150000, 2, 8431.47364544681]}, "bigann-1B": {"qps": [56588.78290316923, 80584.53173482425, 64826.454200508495, 91952.1199631692, 3550.719417243377, 60334.5057000036, 2400.956008102897, 82283.52604671419, 76220.16107928939, 69225.73148832787], "recall": [0.94166, 0.90246, 0.9307200000000001, 0.89925, 0.99865, 0.9367, 0.99882, 0.90556, 0.9159, 0.92381], "wspq": [0.0032696458535087717, 0.0023741685814814817, 0.002902298300769231, 0.0024255197413043483, 0.0486821059, 0.003107846375409836, 0.07143941248333333, 0.0023414699259036143, 0.002472168492207793, 0.0027333136414285715], "best_recall": [2400.956008102897, 0.99882, "CuannsIvfpq(refine_rate=8,num_probes=3072)"], "best_qps": [0.90556, 82283.52604671419, "CuannsIvfpq(refine_rate=4,num_probes=56)"], "best_wspq": [0.90556, 82283.52604671419, 0.0023414699259036143, "CuannsIvfpq(refine_rate=4,num_probes=56)"], "cost": [300820.4510620366, 300000, 820.4510620366264, 150000, 2, 8204.510620366264]}, "text2image-1B": {"qps": [2390.370489177345, 9910.589287854793, 11352.875302467644, 10869.030829997408, 10287.782176980738, 11260.879559688028, 8481.883956419459, 3423.552112603813, 9051.212901942155, 10420.12105246029], "recall": [0.945657, 0.907382, 0.8991629999999999, 0.901524, 0.9055610000000001, 0.9003620000000001, 0.913125, 0.94136, 0.910416, 0.903675], "wspq": [0.077840382055, 0.017843508395000002, 0.015537561355000002, 0.016604038115000004, 0.017321087557499996, 0.0157254414625, 0.020576945130000003, 0.056403212955, 0.01924401013, 0.016641369235], "best_recall": [2390.370489177345, 0.945657, "CuannsIvfpq(refine_rate=256,num_probes=1536)"], "best_qps": [0.9003620000000001, 11260.879559688028, "CuannsIvfpq(refine_rate=128,num_probes=264)"], "best_wspq": [0.9003620000000001, 11260.879559688028, 0.0157254414625, "CuannsIvfpq(refine_rate=128,num_probes=264)"], "cost": [1355510.19468846, 1350000, 5510.19468846, 150000, 9, 55101.946884599995]}, "msturing-1B": {"qps": [72901.72867470475, 110849.4565228882, 100816.30288656488, 3923.7889273930973, 105209.52586401512, 68404.14296179888, 2616.349401673531, 93284.86608342275, 85651.12703526656, 79937.99060672808], "recall": [0.9252870000000001, 0.900568, 0.904109, 0.9866, 0.902396, 0.928291, 0.989927, 0.9100739999999999, 0.914997, 0.91918], "wspq": [0.0023923590331250003, 0.0016200415616666668, 0.0017354946363636365, 0.04375513587, 0.00170059815, 0.002550369212857143, 0.06556457714000002, 0.0019371053260000002, 0.0020447793111111113, 0.002199428555], "best_recall": [2616.349401673531, 0.989927, "CuannsIvfpq(refine_rate=8,num_probes=3072)"], "best_qps": [0.900568, 110849.4565228882, "CuannsIvfpq(refine_rate=3,num_probes=44)"], "best_wspq": [0.900568, 110849.4565228882, 0.0016200415616666668, "CuannsIvfpq(refine_rate=3,num_probes=44)"], "cost": [150567.662563208, 150000, 567.662563208, 150000, 1, 5676.62563208]}, "msspacev-1B": {"qps": [100982.6541604764, 4566.174659884458, 74730.4524624358, 81043.95721603687, 108823.21044191207, 106250.24070787283, 95903.67848301488, 91356.45528066279, 110069.23720971037, 3513.7014846648603], "recall": [0.9106801746486559, 0.992833265111202, 0.93027357074635, 0.9255355437303864, 0.9010267430754536, 0.9044992495565559, 0.91532610178742, 0.9192113521626416, 0.8966195933960976, 0.99428980761359], "wspq": [0.0017998234187084573, 0.03756527282030291, 0.0023995364135625604, 0.0022154762032678406, 0.0017196168972754234, 0.0017242690478034318, 0.0019213328102969933, 0.0019905169937065085, 0.0017294549720468792, 0.048938836505662435], "best_recall": [3513.7014846648603, 0.99428980761359, "CuannsIvfpq(refine_rate=8,num_probes=4096)"], "best_qps": [0.9010267430754536, 108823.21044191207, "CuannsIvfpq(refine_rate=2,num_probes=36)"], "best_wspq": [0.9010267430754536, 108823.21044191207, 0.0017196168972754234, "CuannsIvfpq(refine_rate=2,num_probes=36)"], "cost": [150602.5537608053, 150000, 602.5537608053083, 150000, 1, 6025.537608053083]}, "summary": {"deep-1B": [0.99532, 93842.17132450167, 0.002406242478723404, 300843.1473645447], "bigann-1B": [0.99882, 82283.52604671419, 0.0023414699259036143, 300820.4510620366], "text2image-1B": [0.945657, 11260.879559688028, 0.0157254414625, 1355510.19468846], "msturing-1B": [0.989927, 110849.4565228882, 0.0016200415616666668, 150567.662563208], "msspacev-1B": [0.99428980761359, 108823.21044191207, 0.0017196168972754234, 150602.5537608053], "ssnpp-1B": [null, null, null, null], "ranking-score": [0.3767452189930417, 392662.8560552631, -0.7502675511276844, -2263120.449915141]}}