{"deep-1B": {"qps": [64639.43089368247, 91937.80947850883, 96149.57350186944, 88644.51771071096, 3613.0408745371615, 60879.30398836497, 2412.8730621615523, 83454.45356615585, 75128.50090634874, 70056.50547934452], "recall": [0.93327, 0.9011899999999999, 0.8947499999999999, 0.90705, 0.99511, 0.93763, 0.99541, 0.91205, 0.92063, 0.92754], "wspq": [0.003052596221538462, 0.002438344327173913, 0.0022765007938144325, 0.0024081949685393267, 0.04878751252500001, 0.0031644775622950818, 0.07208214046666668, 0.002458534958928572, 0.002630866089473684, 0.002908823597183098], "best_recall": [2412.8730621615523, 0.99541, "CuannsIvfpq(refine_rate=8,num_probes=3072)"], "best_qps": [0.9011899999999999, 91937.80947850883, "CuannsIvfpq(refine_rate=4,num_probes=48)"], "best_wspq": [0.90705, 88644.51771071096, 0.0024081949685393267, "CuannsIvfpq(refine_rate=4,num_probes=52)"], "cost": [300843.8315169762, 300000, 843.8315169761802, 150000, 2, 8438.315169761801], "cache": [1, 50]}, "bigann-1B": {"qps": [56893.21020476816, 85446.32998553588, 64259.24904552669, 87022.54662547537, 3576.173192240761, 60055.89919816724, 2393.830551567871, 83794.9111366833, 76523.59215188303, 69282.3339549681], "recall": [0.9416700000000001, 0.9024399999999999, 0.9307200000000001, 0.8992699999999999, 0.99864, 0.93671, 0.99882, 0.90554, 0.9158700000000001, 0.9237700000000001], "wspq": [0.003338964442105263, 0.002344692240697675, 0.002937568505384616, 0.002240912096590909, 0.04867897745, 0.003109930105737705, 0.07180766653333333, 0.0023285461535714285, 0.0025172861084415588, 0.00276655339], "best_recall": [2393.830551567871, 0.99882, "CuannsIvfpq(refine_rate=8,num_probes=3072)"], "best_qps": [0.9024399999999999, 85446.32998553588, "CuannsIvfpq(refine_rate=4,num_probes=54)"], "best_wspq": [0.90554, 83794.9111366833, 0.0023285461535714285, "CuannsIvfpq(refine_rate=4,num_probes=56)"], "cost": [300815.9225722114, 300000, 815.9225722114286, 150000, 2, 8159.225722114285], "cache": [1, 50]}, "text2image-1B": {"qps": [2205.2893559491777, 9517.624175627328, 10824.219544269383, 10648.557543652809, 9770.080363452327, 10763.584807436384, 7927.097009805396, 3129.331009609125, 8430.61437920583, 10217.42313682021], "recall": [0.945652, 0.907386, 0.899169, 0.9015209999999999, 0.905541, 0.9003639999999999, 0.913137, 0.941354, 0.910428, 0.903671], "wspq": [0.09705395924, 0.02061531558, 0.016537394125, 0.016414949405, 0.018346692980000003, 0.0163630538575, 0.021949382639999997, 0.069050045115, 0.028230618709999995, 0.018242175417500003], "best_recall": [2205.2893559491777, 0.945652, "CuannsIvfpq(refine_rate=256,num_probes=1536)"], "best_qps": [0.9003639999999999, 10763.584807436384, "CuannsIvfpq(refine_rate=128,num_probes=264)"], "best_wspq": [0.9003639999999999, 10763.584807436384, 0.0163630538575, "CuannsIvfpq(refine_rate=128,num_probes=264)"], "cost": [1505733.614071668, 1500000, 5733.614071668, 150000, 10, 57336.14071668], "cache": [1, 50]}, "msturing-1B": {"qps": [73168.1847877378, 110829.80244183114, 102775.09396476543, 3928.681263235565, 105130.20261538168, 68798.9289534414, 2614.6637068042605, 94562.55138957873, 86749.36421502687, 80309.52732441798], "recall": [0.92528, 0.9005639999999999, 0.904103, 0.986599, 0.9023909999999999, 0.928291, 0.989926, 0.910076, 0.914998, 0.919183], "wspq": [0.00242240186625, 0.001608129239166667, 0.001697248839090909, 0.04407183388, 0.0016712683799999998, 0.002528080435714286, 0.06546328934500001, 0.0019480412495000005, 0.0020356494183333333, 0.0022901726472222225], "best_recall": [2614.6637068042605, 0.989926, "CuannsIvfpq(refine_rate=8,num_probes=3072)"], "best_qps": [0.9005639999999999, 110829.80244183114, "CuannsIvfpq(refine_rate=3,num_probes=44)"], "best_wspq": [0.9005639999999999, 110829.80244183114, 0.001608129239166667, "CuannsIvfpq(refine_rate=3,num_probes=44)"], "cost": [150563.488485404, 150000, 563.4884854040001, 150000, 1, 5634.884854040001], "cache": [1, 50]}, "msspacev-1B": {"qps": [100978.50766576304, 4637.562845221272, 74290.18802344704, 80659.90395348288, 109620.98634108508, 106450.39803167533, 96225.34978197515, 91693.95337308024, 112222.33423505316, 3495.400684018238], "recall": [0.9106597080092784, 0.9928366762177652, 0.930259926320098, 0.9255150770910084, 0.9010506208213944, 0.9045231273024971, 0.9153363351071088, 0.9192215854823304, 0.8966025378632828, 0.994282985400464], "wspq": [0.0018735062272186808, 0.037567834740414786, 0.0024429175351868763, 0.002258027078094848, 0.001728550446675428, 0.001752862882735376, 0.0019170496471055207, 0.0020102949429279234, 0.0016622727407104199, 0.04946161772581526], "best_recall": [3495.400684018238, 0.994282985400464, "CuannsIvfpq(refine_rate=8,num_probes=4096)"], "best_qps": [0.9010506208213944, 109620.98634108508, "CuannsIvfpq(refine_rate=2,num_probes=36)"], "best_wspq": [0.9010506208213944, 109620.98634108508, 0.001728550446675428, "CuannsIvfpq(refine_rate=2,num_probes=36)"], "cost": [150605.68407651506, 150000, 605.6840765150699, 150000, 1, 6056.8407651507], "cache": [1, 50]}, "summary": {"deep-1B": [0.99541, 91937.80947850883, 0.0024081949685393267, 300843.8315169762], "bigann-1B": [0.99882, 85446.32998553588, 0.0023285461535714285, 300815.9225722114], "text2image-1B": [0.945652, 10763.584807436384, 0.0163630538575, 1505733.614071668], "msturing-1B": [0.989926, 110829.80244183114, 0.001608129239166667, 150563.488485404], "msspacev-1B": [0.994282985400464, 109620.98634108508, 0.001728550446675428, 150605.68407651506], "ssnpp-1B": [null, null, null, null], "ranking-score": [0.3667033967799159, 392964.9558752727, -0.6838369576726232, -1737492.7699684876]}}