{"deep-1B": {"qps": [66472.71128992723, 95386.44173411537, 98682.77223436517, 90523.9606362261, 3588.0839420757206, 62112.1333492609, 2388.627086594156, 86231.40166241434, 77378.40166331214, 71782.211373079], "recall": [0.9337533333333332, 0.9022433333333334, 0.8955866666666668, 0.9077266666666668, 0.9952033333333332, 0.9381333333333334, 0.9954366666666667, 0.9128466666666666, 0.9212600000000001, 0.92801], "wspq": [0.0028115776565217393, 0.0020603056697916663, 0.0019337182272727274, 0.002151458502150537, 0.0491012514, 0.002922485205555556, 0.0726969297333333, 0.00225106691954023, 0.002399849214102564, 0.0026059572187499998], "best_recall": [2388.627086594156, 0.9954366666666667, "CuannsIvfpq(refine_rate=8,num_probes=3072)", false], "best_qps": [0.9022433333333334, 95386.44173411537, "CuannsIvfpq(refine_rate=4,num_probes=48)", false], "best_wspq": [0.9022433333333334, 95386.44173411537, 0.0020603056697916663, "CuannsIvfpq(refine_rate=4,num_probes=48)", false], "cost": [300721.931106695, 300000, 721.9311066949999, 150000, 2, 7219.311066949999], "cache": [1, 10, 0]}, "bigann-1B": {"qps": [56495.10586340059, 84532.24447678051, 64064.224541509655, 86003.83851970933, 3559.511413118658, 60009.50010015166, 2386.161222490733, 82847.01276589019, 76668.50677244227, 69114.05629240014], "recall": [0.94631, 0.9095799999999999, 0.93617, 0.90661, 0.9986799999999999, 0.9417, 0.99882, 0.9126700000000001, 0.92211, 0.9297200000000001], "wspq": [0.003268281633333333, 0.002264921662352941, 0.002936861158461539, 0.00230849696091954, 0.04926039195, 0.003127958916393442, 0.07270411438333332, 0.0023130056789156628, 0.002511997757142857, 0.002722273577142857], "best_recall": [2386.161222490733, 0.99882, "CuannsIvfpq(refine_rate=8,num_probes=3072)", false], "best_qps": [0.90661, 86003.83851970933, "CuannsIvfpq(refine_rate=4,num_probes=52)", false], "best_wspq": [0.9095799999999999, 84532.24447678051, 0.002264921662352941, "CuannsIvfpq(refine_rate=4,num_probes=54)", false], "cost": [300793.62855048844, 300000, 793.6285504884708, 150000, 2, 7936.285504884707], "cache": [1, 10, 0]}, "text2image-1B": {"qps": [20044.84992860874, 2380.838331148376, 20893.57304349905, 11028.236180668015, 10709.284179392276, 2082.2336289420814, 17851.211530178593, 13798.441553656388, 12492.889487641009, 15521.587838825508], "recall": [0.6081633333333334, 0.6367966666666667, 0.6065833333333333, 0.6202633333333333, 0.62144, 0.63732, 0.6111033333333333, 0.6190733333333334, 0.62168, 0.6156966666666667], "wspq": [0.008716572323809523, 0.0729448948, 0.008348032123809523, 0.01605936704166666, 0.016330364, 0.08408405949999999, 0.01114930659722222, 0.012685832473333334, 0.014174858879999997, 0.011403028416666666], "best_recall": [2082.2336289420814, 0.63732, "CuannsIvfpq(refine_rate=256,num_probes=1792)", false], "best_qps": [0.6065833333333333, 20893.57304349905, "CuannsIvfpq(refine_rate=64,num_probes=136)", false], "best_wspq": [0.6065833333333333, 20893.57304349905, 0.008348032123809523, "CuannsIvfpq(refine_rate=64,num_probes=136)", false], "cost": [752925.1504561829, 750000, 2925.150456182857, 150000, 5, 29251.50456182857], "cache": [1, 10, 0]}, "msturing-1B": {"qps": [69801.64389762504, 103361.44311096873, 95296.0689244639, 3987.26449371115, 97774.79392786542, 65758.44850157172, 2627.1068336343264, 88119.88814585579, 81755.05279387486, 76334.88091056509], "recall": [0.92681, 0.90255, 0.90585, 0.98731, 0.90414, 0.93022, 0.99054, 0.91194, 0.91703, 0.9208200000000001], "wspq": [0.002904548856428572, 0.0019730581855769225, 0.002108808758333333, 0.0445523324625, 0.0020895250153061228, 0.0030424349545454545, 0.06586558646666668, 0.00228582838258427, 0.0024474134378048786, 0.0025987629506493506], "best_recall": [2627.1068336343264, 0.99054, "CuannsIvfpq(refine_rate=8,num_probes=3072)", false], "best_qps": [0.90255, 103361.44311096873, "CuannsIvfpq(refine_rate=3,num_probes=44)", false], "best_wspq": [0.90255, 103361.44311096873, 0.0019730581855769225, "CuannsIvfpq(refine_rate=3,num_probes=44)", false], "cost": [150691.35958822616, 150000, 691.3595882261537, 150000, 1, 6913.595882261537], "cache": [2, 10, 0]}, "summary": {"deep-1B": [0.9954366666666667, 95386.44173411537, 0.0020603056697916663, 300721.931106695], "bigann-1B": [0.99882, 86003.83851970933, 0.002264921662352941, 300793.62855048844], "text2image-1B": [0.63732, 20893.57304349905, 0.008348032123809523, 752925.1504561829], "msturing-1B": [0.99054, 103361.44311096873, 0.0019730581855769225, 150691.35958822616], "msspacev-1B": [null, null, null, null], "ssnpp-1B": [null, null, null, null], "ranking-score": [0.22552666666666665, 292753.02246008127, -0.5364568647584689, -1815084.2854113677]}}