{"deep-1B": {"qps": [66526.97472771491, 94042.33915418849, 99771.57754850252, 90243.68763115656, 3595.023319244847, 62421.059106702414, 2396.8458560373033, 86567.59791295159, 77545.39947283796, 71514.33792082388], "recall": [0.93371, 0.9022033333333332, 0.89556, 0.9076766666666666, 0.99521, 0.93809, 0.99541, 0.9128333333333334, 0.9212866666666668, 0.9280299999999999], "wspq": [0.015397139200384059, 0.010410714998203126, 0.010000377743759805, 0.010808959535107526, 0.2798057467020833, 0.015706568624277783, 0.4192282981621666, 0.01155855823054023, 0.013192486617371792, 0.01404575217440278], "best_recall": [2396.8458560373033, 0.99541, "CuannsIvfpq(refine_rate=8,num_probes=3072)", false], "best_qps": [0.9022033333333332, 94042.33915418849, "CuannsIvfpq(refine_rate=4,num_probes=48)", false], "best_wspq": [0.9022033333333332, 94042.33915418849, 0.010410714998203126, "CuannsIvfpq(refine_rate=4,num_probes=48)", false], "cost": [303647.91453537036, 300000, 3647.9145353703752, 150000, 2, 36479.14535370375], "cache": [1, 10, 0]}, "bigann-1B": {"qps": [54653.896772344066, 80010.68257862187, 63965.15569979122, 84805.54168292628, 3572.1987930181776, 59664.54285393204, 2382.8369998563808, 81524.9542743075, 75483.68867844732, 68377.29008193595], "recall": [0.94631, 0.90961, 0.93617, 0.90659, 0.9986799999999999, 0.94171, 0.99882, 0.91269, 0.92214, 0.92973], "wspq": [0.018085720227127268, 0.012179643443765431, 0.01563383253083594, 0.011921222070782354, 0.285327319405, 0.01638212432896666, 0.4181806853266665, 0.01226282994629878, 0.013304583403328948, 0.014782722350746375], "best_recall": [2382.8369998563808, 0.99882, "CuannsIvfpq(refine_rate=8,num_probes=3072)", false], "best_qps": [0.90659, 84805.54168292628, "CuannsIvfpq(refine_rate=4,num_probes=52)", false], "best_wspq": [0.90659, 84805.54168292628, 0.011921222070782354, "CuannsIvfpq(refine_rate=4,num_probes=52)", false], "cost": [304177.19621360215, 300000, 4177.1962136021375, 150000, 2, 41771.96213602137], "cache": [1, 10, 0]}, "text2image-1B": {"qps": [19792.973767637704, 2286.4465684336355, 20765.416321206583, 10489.423431133324, 10101.031086234894, 2005.4282891170465, 18201.96116183802, 13422.756419590427, 12150.385023992903, 14989.885955511549], "recall": [0.6081766666666667, 0.6367966666666667, 0.6065966666666667, 0.6202566666666667, 0.6214333333333333, 0.63732, 0.61111, 0.6190599999999999, 0.6216833333333334, 0.6157066666666666], "wspq": [0.04826261283428572, 0.4120503417321668, 0.0441264329202619, 0.08548550881816666, 0.09014271238129166, 0.4806592330363333, 0.054276841376642855, 0.07321277495346665, 0.07706701615513334, 0.06569476129083332], "best_recall": [2005.4282891170465, 0.63732, "CuannsIvfpq(refine_rate=256,num_probes=1792)", false], "best_qps": [0.6065966666666667, 20765.416321206583, "CuannsIvfpq(refine_rate=64,num_probes=136)", false], "best_wspq": [0.6065966666666667, 20765.416321206583, 0.0441264329202619, "CuannsIvfpq(refine_rate=64,num_probes=136)", false], "cost": [765461.9020952597, 750000, 15461.902095259771, 150000, 5, 154619.0209525977], "cache": [2, 10, 0]}, "msturing-1B": {"qps": [69752.19311010036, 110886.49894779142, 96044.33198612336, 3972.061592986192, 97197.69282286227, 65674.32655029657, 2629.326994987339, 87877.65902838741, 82930.39018352506, 76753.52813726064], "recall": [0.9268, 0.90257, 0.90586, 0.98731, 0.90417, 0.9302, 0.99054, 0.91195, 0.91709, 0.9207799999999999], "wspq": [0.014480825873414285, 0.009941359311680182, 0.010686572997108248, 0.255562990910625, 0.010305924877122449, 0.015406490780954548, 0.3838850608586665, 0.011379460395386364, 0.01238914164127108, 0.01312610356538961], "best_recall": [2629.326994987339, 0.99054, "CuannsIvfpq(refine_rate=8,num_probes=3072)", false], "best_qps": [0.90257, 110886.49894779142, "CuannsIvfpq(refine_rate=3,num_probes=44)", false], "best_wspq": [0.90257, 110886.49894779142, 0.009941359311680182, "CuannsIvfpq(refine_rate=3,num_probes=44)", false], "cost": [153483.45230281274, 150000, 3483.4523028127355, 150000, 1, 34834.523028127354], "cache": [2, 10, 0]}, "msspacev-1B": {"qps": [71241.15494932178, 4684.355858220164, 85907.60038041841, 76734.47782319662, 79532.22110908499, 69159.52696597348, 73890.51583962304, 82750.30448747457, 3502.012606776925, 89652.59465671645], "recall": [0.8191200000000001, 0.96701, 0.8124899999999999, 0.8167500000000001, 0.8154633333333333, 0.8197933333333334, 0.81806, 0.8140333333333333, 0.9702033333333332, 0.81024], "wspq": [0.014020818941847223, 0.21615554617175006, 0.011420781167310346, 0.013037127161967949, 0.012449733761104935, 0.014586923671861112, 0.013641688116046664, 0.012067594673892856, 0.28697766862225, 0.010995543700394442], "best_recall": [3502.012606776925, 0.9702033333333332, "CuannsIvfpq(refine_rate=8,num_probes=4096)", false], "best_qps": [0.81024, 89652.59465671645, "CuannsIvfpq(refine_rate=2,num_probes=120)", false], "best_wspq": [0.81024, 89652.59465671645, 0.010995543700394442, "CuannsIvfpq(refine_rate=2,num_probes=120)", false], "cost": [303852.8385126182, 300000, 3852.838512618213, 150000, 2, 38528.385126182126], "cache": [0, 10, 0]}, "summary": {"deep-1B": [0.99541, 94042.33915418849, 0.010410714998203126, 303647.91453537036], "bigann-1B": [0.99882, 84805.54168292628, 0.011921222070782354, 304177.19621360215], "text2image-1B": [0.63732, 20765.416321206583, 0.0441264329202619, 765461.9020952597], "msturing-1B": [0.99054, 110886.49894779142, 0.009941359311680182, 153483.45230281274], "msspacev-1B": [0.9702033333333332, 89652.59465671645, 0.010995543700394442, 303852.8385126182], "ssnpp-1B": [null, null, null, null], "ranking-score": [0.9673299999999998, 386668.42162109655, -0.47191470101772565, -5236191.711236612]}}