{"deep-1B": [0.9954366666666667, 95386.44173411537, 0.0020603056697916663, 300721.931106695], "bigann-1B": [0.99882, 86003.83851970933, 0.002264921662352941, 300793.62855048844], "text2image-1B": [0.63732, 20893.57304349905, 0.008348032123809523, 752925.1504561829], "msturing-1B": [0.99054, 103361.44311096873, 0.0019730581855769225, 150691.35958822616], "msspacev-1B": [0.9701833333333332, 4599.928618902991, 0.03775041406666667, 3313227.74508896], "ssnpp-1B": [null, null, null, null], "ranking-score": [0.9673366666666665, 296761.25588546286, -0.5069132423108498, -2248455.2001057225]}