{"deep-1B": [0.99541, 94042.33915418849, 0.010410714998203126, 303647.91453537036], "bigann-1B": [0.99882, 84805.54168292628, 0.011921222070782354, 304177.19621360215], "text2image-1B": [0.63732, 20765.416321206583, 0.0441264329202619, 765461.9020952597], "msturing-1B": [0.99054, 110886.49894779142, 0.009941359311680182, 153483.45230281274], "msspacev-1B": [null, null, null, null], "ssnpp-1B": [null, null, null, null], "ranking-score": [0.22549999999999992, 297607.52215790155, -0.47470345309907247, -1793445.8899659151]}