{"deep-1B": {"qps": [65219.684530029364, 91700.6237551679, 96988.66697652693, 87411.56316559478, 3610.6226564182, 60797.85237078494, 2409.010724202738, 83879.53739608309, 75635.73412197497, 69735.49319238718], "recall": [0.93311, 0.90139, 0.8946, 0.9070299999999999, 0.99514, 0.93763, 0.9954299999999999, 0.91209, 0.9206700000000001, 0.92753], "wspq": [0.015671572437484852, 0.011214013115728259, 0.010664844199773198, 0.011739321578392043, 0.2815530059155, 0.01672395117530328, 0.4182005613055, 0.011857210222732142, 0.013463298591236841, 0.014649286025557148], "best_recall": [2409.010724202738, 0.9954299999999999, "CuannsIvfpq(refine_rate=8,num_probes=3072)", false], "best_qps": [0.90139, 91700.6237551679, "CuannsIvfpq(refine_rate=4,num_probes=48)", false], "best_wspq": [0.90139, 91700.6237551679, 0.011214013115728259, "CuannsIvfpq(refine_rate=4,num_probes=48)", false], "cost": [303929.39019575116, 300000, 3929.3901957511825, 150000, 2, 39293.90195751182], "cache": [1, 10, 0]}, "bigann-1B": {"qps": [56253.85090993464, 80109.40233625939, 63782.965069420155, 81748.83836966351, 3565.3423181834837, 59902.711565212674, 2390.976876984605, 78542.81246781457, 75123.92579139487, 68351.32708318735], "recall": [0.9416200000000001, 0.90247, 0.93071, 0.89925, 0.99865, 0.9367200000000001, 0.9988100000000001, 0.90553, 0.91585, 0.9237799999999999], "wspq": [0.017856798487929825, 0.011890651830185188, 0.015710442846015624, 0.01204858316355488, 0.28026198926337503, 0.016682812725174998, 0.4143543943171667, 0.012283532542740505, 0.013254187244105264, 0.014620982769528985], "best_recall": [2390.976876984605, 0.9988100000000001, "CuannsIvfpq(refine_rate=8,num_probes=3072)", false], "best_qps": [0.90247, 80109.40233625939, "CuannsIvfpq(refine_rate=4,num_probes=54)", false], "best_wspq": [0.90247, 80109.40233625939, 0.011890651830185188, "CuannsIvfpq(refine_rate=4,num_probes=54)", false], "cost": [304166.4844012969, 300000, 4166.48440129689, 150000, 2, 41664.8440129689], "cache": [1, 10, 0]}, "text2image-1B": {"qps": [19093.62216360309, 2206.5051716990342, 19972.209499101962, 10662.701669723136, 10800.264790732614, 1998.6116040633294, 17706.319714372254, 13948.616277167983, 12602.392273881274, 15644.784541536785], "recall": [0.8617190000000001, 0.9456629999999999, 0.8585229999999999, 0.899173, 0.90153, 0.946917, 0.8674729999999999, 0.8832639999999999, 0.8884850000000001, 0.8765639999999999], "wspq": [0.048011820979275005, 0.43606460970634997, 0.049323363600175016, 0.08348625730049998, 0.08538129937522503, 0.4860588200376999, 0.052512375269125014, 0.06744608714955, 0.07554188383565001, 0.060610463467475], "best_recall": [1998.6116040633294, 0.946917, "CuannsIvfpq(refine_rate=256,num_probes=1792)", false], "best_qps": [0.8617190000000001, 19093.62216360309, "CuannsIvfpq(refine_rate=64,num_probes=144)", false], "best_wspq": [0.8617190000000001, 19093.62216360309, 0.048011820979275005, "CuannsIvfpq(refine_rate=64,num_probes=144)", false], "cost": [916823.342071138, 900000, 16823.342071137962, 150000, 6, 168233.42071137961], "cache": [2, 10, 0]}, "msturing-1B": {"qps": [72678.45217553433, 109745.27022748647, 102184.13103373171, 3932.869674042464, 105364.00575264868, 68504.40281197215, 2619.117939143617, 94037.33509347224, 86583.78841232034, 79978.97891369951], "recall": [0.925285, 0.9005599999999999, 0.904106, 0.986599, 0.9023979999999999, 0.9282969999999999, 0.989928, 0.910075, 0.914998, 0.919174], "wspq": [0.01372138289261875, 0.008992572279045454, 0.009859609204122727, 0.2599955993990001, 0.009354460349477272, 0.014455515516942859, 0.38423619483405, 0.01075349543265, 0.011843980317805557, 0.01255516872004375], "best_recall": [2619.117939143617, 0.989928, "CuannsIvfpq(refine_rate=8,num_probes=3072)", false], "best_qps": [0.9005599999999999, 109745.27022748647, "CuannsIvfpq(refine_rate=3,num_probes=44)", false], "best_wspq": [0.9005599999999999, 109745.27022748647, 0.008992572279045454, "CuannsIvfpq(refine_rate=3,num_probes=44)", false], "cost": [153150.99732657752, 150000, 3150.9973265775275, 150000, 1, 31509.973265775272], "cache": [1, 10, 0]}, "msspacev-1B": {"qps": [100559.89589419312, 4616.269726634418, 74024.79372548264, 79753.97735551427, 108302.16750517904, 106078.55636793734, 95493.43838214394, 90374.31191430624, 112267.82811438588, 3492.537669662302], "recall": [0.910693819074908, 0.992833265111202, 0.93027357074635, 0.9255184881975712, 0.9010437986082686, 0.9045197161959341, 0.9153499795333608, 0.9192249965888932, 0.8966093600764088, 0.9942863965070268], "wspq": [0.0098493864440676, 0.2203061573106836, 0.013574623647738962, 0.012343140146342564, 0.009004327237561447, 0.009311555662303215, 0.010549020193843885, 0.010965422079482085, 0.008726716742362622, 0.2873099701092407], "best_recall": [3492.537669662302, 0.9942863965070268, "CuannsIvfpq(refine_rate=8,num_probes=4096)", false], "best_qps": [0.9010437986082686, 108302.16750517904, "CuannsIvfpq(refine_rate=2,num_probes=36)", false], "best_wspq": [0.9010437986082686, 108302.16750517904, 0.009004327237561447, "CuannsIvfpq(refine_rate=2,num_probes=36)", false], "cost": [153155.11626404154, 150000, 3155.1162640415314, 150000, 1, 31551.162640415314], "cache": [1, 10, 0]}, "summary": {"deep-1B": [0.9954299999999999, 91700.6237551679, 0.011214013115728259, 303929.39019575116], "bigann-1B": [0.9988100000000001, 80109.40233625939, 0.011890651830185188, 304166.4844012969], "text2image-1B": [0.946917, 19093.62216360309, 0.048011820979275005, 916823.342071138], "msturing-1B": [0.989928, 109745.27022748647, 0.008992572279045454, 153150.99732657752], "msspacev-1B": [0.9942863965070268, 108302.16750517904, 0.009004327237561447, 153155.11626404154], "ssnpp-1B": [null, null, null, null], "ranking-score": [0.36798380788647866, 393317.5288085712, -0.6191600468962808, -2314829.980432457]}}