{"deep-1B": {"qps": [64639.43089368247, 91937.80947850883, 96149.57350186944, 88644.51771071096, 3613.0408745371615, 60879.30398836497, 2412.8730621615523, 83454.45356615585, 75128.50090634874, 70056.50547934452], "recall": [0.93327, 0.9011899999999999, 0.8947499999999999, 0.90705, 0.99511, 0.93763, 0.99541, 0.91205, 0.92063, 0.92754], "wspq": [0.003052596221538462, 0.002438344327173913, 0.0022765007938144325, 0.0024081949685393267, 0.04878751252500001, 0.0031644775622950818, 0.07208214046666668, 0.002458534958928572, 0.002630866089473684, 0.002908823597183098], "best_recall": [2412.8730621615523, 0.99541, "CuannsIvfpq(refine_rate=8,num_probes=3072)", false], "best_qps": [0.9011899999999999, 91937.80947850883, "CuannsIvfpq(refine_rate=4,num_probes=48)", false], "best_wspq": [0.90705, 88644.51771071096, 0.0024081949685393267, "CuannsIvfpq(refine_rate=4,num_probes=52)", false], "cost": [300843.8315169762, 300000, 843.8315169761802, 150000, 2, 8438.315169761801], "cache": [1, 10, 0]}, "bigann-1B": {"qps": [56893.21020476816, 85446.32998553588, 64259.24904552669, 87022.54662547537, 3576.173192240761, 60055.89919816724, 2393.830551567871, 83794.9111366833, 76523.59215188303, 69282.3339549681], "recall": [0.9416700000000001, 0.9024399999999999, 0.9307200000000001, 0.8992699999999999, 0.99864, 0.93671, 0.99882, 0.90554, 0.9158700000000001, 0.9237700000000001], "wspq": [0.003338964442105263, 0.002344692240697675, 0.002937568505384616, 0.002240912096590909, 0.04867897745, 0.003109930105737705, 0.07180766653333333, 0.0023285461535714285, 0.0025172861084415588, 0.00276655339], "best_recall": [2393.830551567871, 0.99882, "CuannsIvfpq(refine_rate=8,num_probes=3072)", false], "best_qps": [0.9024399999999999, 85446.32998553588, "CuannsIvfpq(refine_rate=4,num_probes=54)", false], "best_wspq": [0.90554, 83794.9111366833, 0.0023285461535714285, "CuannsIvfpq(refine_rate=4,num_probes=56)", false], "cost": [300815.9225722114, 300000, 815.9225722114286, 150000, 2, 8159.225722114285], "cache": [1, 10, 0]}, "text2image-1B": {"qps": [19340.103907944092, 2326.588772861689, 20130.634219242616, 10991.9995626581, 10587.493905501224, 1989.9156260068949, 17705.012477034543, 14056.184401896235, 12633.49753480918, 15561.271329760437], "recall": [0.86172, 0.9456540000000001, 0.8585119999999999, 0.8991709999999999, 0.9015290000000001, 0.9469129999999999, 0.867466, 0.8832399999999999, 0.888501, 0.876558], "wspq": [0.009438630955, 0.08288170901499999, 0.00872962541, 0.016189904557500003, 0.016610375747500003, 0.09649706119999997, 0.009836733765, 0.012493437007500002, 0.013902428930000002, 0.0111911021575], "best_recall": [1989.9156260068949, 0.9469129999999999, "CuannsIvfpq(refine_rate=256,num_probes=1792)", false], "best_qps": [0.86172, 19340.103907944092, "CuannsIvfpq(refine_rate=64,num_probes=144)", false], "best_wspq": [0.86172, 19340.103907944092, 0.009438630955, "CuannsIvfpq(refine_rate=64,num_probes=144)", false], "cost": [903307.296286632, 900000, 3307.296286632, 150000, 6, 33072.96286632], "cache": [1, 10, 0]}, "msturing-1B": {"qps": [73168.1847877378, 110829.80244183114, 102775.09396476543, 3928.681263235565, 105130.20261538168, 68798.9289534414, 2614.6637068042605, 94562.55138957873, 86749.36421502687, 80309.52732441798], "recall": [0.92528, 0.9005639999999999, 0.904103, 0.986599, 0.9023909999999999, 0.928291, 0.989926, 0.910076, 0.914998, 0.919183], "wspq": [0.00242240186625, 0.001608129239166667, 0.001697248839090909, 0.04407183388, 0.0016712683799999998, 0.002528080435714286, 0.06546328934500001, 0.0019480412495000005, 0.0020356494183333333, 0.0022901726472222225], "best_recall": [2614.6637068042605, 0.989926, "CuannsIvfpq(refine_rate=8,num_probes=3072)", false], "best_qps": [0.9005639999999999, 110829.80244183114, "CuannsIvfpq(refine_rate=3,num_probes=44)", false], "best_wspq": [0.9005639999999999, 110829.80244183114, 0.001608129239166667, "CuannsIvfpq(refine_rate=3,num_probes=44)", false], "cost": [150563.488485404, 150000, 563.4884854040001, 150000, 1, 5634.884854040001], "cache": [1, 10, 0]}, "msspacev-1B": {"qps": [100978.50766576304, 4637.562845221272, 74290.18802344704, 80659.90395348288, 109620.98634108508, 106450.39803167533, 96225.34978197515, 91693.95337308024, 112222.33423505316, 3495.400684018238], "recall": [0.9106597080092784, 0.9928366762177652, 0.930259926320098, 0.9255150770910084, 0.9010506208213944, 0.9045231273024971, 0.9153363351071088, 0.9192215854823304, 0.8966025378632828, 0.994282985400464], "wspq": [0.0018735062272186808, 0.037567834740414786, 0.0024429175351868763, 0.002258027078094848, 0.001728550446675428, 0.001752862882735376, 0.0019170496471055207, 0.0020102949429279234, 0.0016622727407104199, 0.04946161772581526], "best_recall": [3495.400684018238, 0.994282985400464, "CuannsIvfpq(refine_rate=8,num_probes=4096)", false], "best_qps": [0.9010506208213944, 109620.98634108508, "CuannsIvfpq(refine_rate=2,num_probes=36)", false], "best_wspq": [0.9010506208213944, 109620.98634108508, 0.001728550446675428, "CuannsIvfpq(refine_rate=2,num_probes=36)", false], "cost": [150605.68407651506, 150000, 605.6840765150699, 150000, 1, 6056.8407651507], "cache": [1, 10, 0]}, "summary": {"deep-1B": [0.99541, 91937.80947850883, 0.0024081949685393267, 300843.8315169762], "bigann-1B": [0.99882, 85446.32998553588, 0.0023285461535714285, 300815.9225722114], "text2image-1B": [0.9469129999999999, 19340.103907944092, 0.009438630955, 903307.296286632], "msturing-1B": [0.989926, 110829.80244183114, 0.001608129239166667, 150563.488485404], "msspacev-1B": [0.994282985400464, 109620.98634108508, 0.001728550446675428, 150605.68407651506], "ssnpp-1B": [null, null, null, null], "ranking-score": [0.36796439677991577, 401541.47497578035, -0.6907613805751233, -2339919.0877535236]}}