{"deep-1B": [0.9954299999999999, 91700.6237551679, 0.011214013115728259, 303929.39019575116], "bigann-1B": [0.9988100000000001, 80109.40233625939, 0.011890651830185188, 304166.4844012969], "text2image-1B": [0.946917, 19093.62216360309, 0.048011820979275005, 916823.342071138], "msturing-1B": [0.989928, 109745.27022748647, 0.008992572279045454, 153150.99732657752], "msspacev-1B": [0.9942863965070268, 108302.16750517904, 0.009004327237561447, 153155.11626404154], "ssnpp-1B": [null, null, null, null], "ranking-score": [0.36798380788647866, 393317.5288085712, -0.6191600468962808, -2314829.980432457]}