{"deep-1B": [0.99541, 91937.80947850883, 0.0024081949685393267, 300843.8315169762], "bigann-1B": [0.99882, 85446.32998553588, 0.0023285461535714285, 300815.9225722114], "text2image-1B": [0.9469129999999999, 19340.103907944092, 0.009438630955, 903307.296286632], "msturing-1B": [0.989926, 110829.80244183114, 0.001608129239166667, 150563.488485404], "msspacev-1B": [0.994282985400464, 109620.98634108508, 0.001728550446675428, 150605.68407651506], "ssnpp-1B": [null, null, null, null], "ranking-score": [0.36796439677991577, 401541.47497578035, -0.6907613805751233, -2339919.0877535236]}