{"deep-1B": [0.99532, 93842.17132450167, 0.002406242478723404, 300843.1473645447], "bigann-1B": [0.99882, 82283.52604671419, 0.0023414699259036143, 300820.4510620366], "text2image-1B": [0.945657, 11260.879559688028, 0.0157254414625, 1355510.19468846], "msturing-1B": [0.989927, 110849.4565228882, 0.0016200415616666668, 150567.662563208], "msspacev-1B": [0.99428980761359, 108823.21044191207, 0.0017196168972754234, 150602.5537608053], "ssnpp-1B": [null, null, null, null], "ranking-score": [0.3767452189930417, 392662.8560552631, -0.7502675511276844, -2263120.449915141]}