{"deep-1B": [0.9954200000000001, 97268.47074156617, 0.002337499740816326, null], "bigann-1B": [0.99882, 84367.1414404937, 0.002392369889411765, null], "text2image-1B": [null, null, null, null], "msturing-1B": [0.989926, 111580.13581249936, 0.001684205400909091, null], "msspacev-1B": [0.994276163187338, 109555.05903988023, 0.0016834590375473068, null], "ssnpp-1B": [null, null, null, null], "ranking-score": [0.2914515745667897, 390136.782463282, -0.6427280709850691, null]}