{"deep-1B": [0.99541, 91937.80947850883, 0.0024081949685393267, 300843.8315169762], "bigann-1B": [0.99882, 85446.32998553588, 0.0023285461535714285, 300815.9225722114], "text2image-1B": [0.945652, 10824.219544269383, 0.0163630538575, 1505733.614071668], "msturing-1B": [0.989926, 110829.80244183114, 0.001608129239166667, 150563.488485404], "msspacev-1B": [0.994282985400464, 109620.98634108508, 0.001728550446675428, 150605.68407651506], "ssnpp-1B": [null, null, null, null], "ranking-score": [0.3667033967799159, 393025.5906121057, -0.6838369576726232, -1737492.7699684876]}