{"deep-1B": [0.99544, 93125.8395483036, 0.002342992882978723, 300820.98470619577], "bigann-1B": [0.9988100000000001, 85256.14627056803, 0.002299997290116279, 300805.9190504567], "text2image-1B": [0.945656, 10677.766529965182, 0.017121340529999998, 1505999.317721712], "msturing-1B": [0.989926, 111894.89365153217, 0.0016024566925000002, 150561.500825052], "msspacev-1B": [0.994282985400464, 109378.56968735183, 0.0016799885310518415, 150588.66798128057], "ssnpp-1B": [null, null, null, null], "ranking-score": [0.36672739677991595, 394699.6585085961, -0.6832266564114291, -1737278.920406565]}