{"deep-1B": {"qps": [182353.11508195297, 186924.4379080598, 1896.599242491488, 1929.2413474806297, 1880.287448843324, 173888.87506944273, 190262.73769777906, 1947.0479410253424, 191149.7778284152, 1930.6551033380285], "recall": [0.90121, 0.89761, 0.9988100000000001, 0.9988100000000001, 0.9988100000000001, 0.9083, 0.8942100000000001, 0.9988100000000001, 0.90507, 0.9988100000000001], "wspq": [0.004142674364754097, 0.004051404909090909, 0.38634957225, 0.381320359, 0.3986560956749999, 0.004389606561494253, 0.00399078472513089, 0.3731895106, 0.00430510715859375, 0.3783018125500001], "best_recall": [173888.87506944273, 0.9083, "GraphANN"], "best_qps": [0.90507, 191149.7778284152, "GraphANN"], "best_wspq": [0.90121, 182353.11508195297, 0.004142674364754097, "GraphANN"], "cost": [16115.793097409836, 14664.2, 1451.5930974098358, 14664.2, 1, 14515.930974098357]}, "bigann-1B": {"qps": [2059.2353004134866, 2056.29405403455, 374468.0243199086, 1993.4165938715198, 2006.685692597747, 317834.57735005487, 2053.143083323274, 315703.0168001445, 332511.81227207865, 325457.7339106414], "recall": [0.9997799999999999, 0.9997799999999999, 0.89008, 0.9997799999999999, 0.9997799999999999, 0.90607, 0.9997799999999999, 0.91024, 0.8954200000000001, 0.90123], "wspq": [0.34397092090000003, 0.34558506079999995, 0.0021528783904, 0.35198205979999997, 0.3524668769333334, 0.0023362847811320754, 0.3486454725333334, 0.002467967966772151, 0.0022365082319819817, 0.002268904411656442], "best_recall": [2053.143083323274, 0.9997799999999999, "GraphANN"], "best_qps": [0.90123, 325457.7339106414, "GraphANN"], "best_wspq": [0.90123, 325457.7339106414, 0.002268904411656442, "GraphANN"], "cost": [15459.224105844418, 14664.2, 795.0241058444174, 14664.2, 1, 7950.241058444173]}, "text2image-1B": {"qps": [11467.575074842105, 2105.8668562217827, 2091.747896099251, 2073.4952234413777, 11002.270673647698, 11247.281366579182, 2081.0649207337697, 11626.847277599441, 2064.1634987982334, 10802.729642135937], "recall": [0.8989719999999999, 0.971202, 0.971257, 0.9714809999999999, 0.901776, 0.9003959999999999, 0.9713639999999999, 0.8975120000000001, 0.971543, 0.903027], "wspq": [0.066687966925, 0.3614279738250001, 0.363032947105, 0.3856851229950001, 0.06956343567750001, 0.06811233411, 0.3650725043500001, 0.06539500657250001, 0.3866674274650001, 0.07084156014750001], "best_recall": [2064.1634987982334, 0.971543, "GraphANN"], "best_qps": [0.9003959999999999, 11247.281366579182, "GraphANN"], "best_wspq": [0.9003959999999999, 11247.281366579182, 0.06811233411, "GraphANN"], "cost": [155844.361872144, 131977.80000000002, 23866.561872144004, 14664.2, 9, 238665.61872144003]}, "msturing-1B": {"qps": [1885.07782303764, 147225.9536963357, 156112.43449261552, 159290.99755877844, 1916.344196819304, 1906.011713260822, 149909.11033926182, 1951.8526169002848, 1932.3011210463944, 153252.41334960502], "recall": [0.995801, 0.905205, 0.899545, 0.897546, 0.9957790000000001, 0.995794, 0.903398, 0.9957440000000001, 0.9957590000000001, 0.9015540000000001], "wspq": [0.401692945765, 0.005403984769, 0.005101751176562501, 0.005003124471249999, 0.39521681627, 0.3987483203350001, 0.005304843683, 0.38890854963, 0.3912787512100001, 0.005196155593437501], "best_recall": [147225.9536963357, 0.905205, "GraphANN"], "best_qps": [0.9015540000000001, 153252.41334960502, "GraphANN"], "best_wspq": [0.9015540000000001, 153252.41334960502, 0.005196155593437501, "GraphANN"], "cost": [16484.9329199405, 14664.2, 1820.7329199405003, 14664.2, 1, 18207.329199405]}, "msspacev-1B": {"qps": [154232.3717625809, 2069.183090172774, 145648.63166099085, 159581.44474943448, 2091.602005852325, 2056.19313907281, 2117.1813035449977, 149825.410403441, 147319.49447552866, 2216.306323709607], "recall": [0.937679083094556, 0.998352435530086, 0.952203574839678, 0.9100252421885658, 0.9983149133578934, 0.9983217355710192, 0.9983251466775822, 0.9463978714695048, 0.9502353663528448, 0.9983115022513304], "wspq": [0.004864372580688761, 0.3542321721585482, 0.005207061639036704, 0.004736925220481524, 0.3345375271694638, 0.33754523040319284, 0.34626206349774863, 0.005024580281376933, 0.0051189986318787295, 0.3208025534008733], "best_recall": [2069.183090172774, 0.998352435530086, "GraphANN"], "best_qps": [0.9100252421885658, 159581.44474943448, "GraphANN"], "best_wspq": [0.9100252421885658, 159581.44474943448, 0.004736925220481524, "GraphANN"], "cost": [16324.018597256727, 14664.2, 1659.8185972567262, 14664.2, 1, 16598.185972567262]}, "summary": {"deep-1B": [0.9083, 191149.7778284152, 0.004142674364754097, 16115.793097409836], "bigann-1B": [0.9997799999999999, 325457.7339106414, 0.002268904411656442, 15459.224105844418], "text2image-1B": [0.971543, 11247.281366579182, 0.06811233411, 155844.361872144], "msturing-1B": [0.905205, 153252.41334960502, 0.005196155593437501, 16484.9329199405], "msspacev-1B": [0.998352435530086, 159581.44474943448, 0.004736925220481524, 16324.018597256727], "ssnpp-1B": [null, null, null, null], "ranking-score": [0.22579284690953783, 825055.0940255506, -0.6238164386377465, -3925826.980098666]}}