{"deep-1B": {"qps": [179387.88428309927, 186377.0640408098, 1909.2361915419592, 1931.5603011615685, 1868.9641822978695, 168460.8278643093, 118570.58452701005, 1924.674948991092, 176062.59549675102, 1927.5020405270898], "recall": [0.90121, 0.89761, 0.9988100000000001, 0.9988100000000001, 0.9988100000000001, 0.9083, 0.8942100000000001, 0.9988100000000001, 0.90507, 0.9988100000000001], "wspq": [0.0042409040436111115, 0.004087292184491978, 0.397825687975, 0.3908160546249999, 0.398108488, 0.004438032473076925, 0.004032671057563025, 0.3830649525499999, 0.0043917496785310746, 0.3885628018749999], "best_recall": [168460.8278643093, 0.9083, "GraphANN"], "best_qps": [0.90121, 179387.88428309927, "GraphANN"], "best_wspq": [0.90121, 179387.88428309927, 0.0042409040436111115, "GraphANN"], "cost": [16150.212776881333, 14664.2, 1486.0127768813336, 14664.2, 1, 14860.127768813334], "cache": [1, 10]}, "bigann-1B": {"qps": [2041.5713430497103, 2052.382056160632, 152966.80853546906, 1986.8587865019167, 2014.1822923757395, 323577.14294531057, 2025.0243779524333, 312164.4512585404, 344713.7045407849, 335990.5154044571], "recall": [0.9997799999999999, 0.9997799999999999, 0.89008, 0.9997799999999999, 0.9997799999999999, 0.90607, 0.9997799999999999, 0.91024, 0.8954200000000001, 0.90123], "wspq": [0.36334128725000003, 0.3670746905833333, 0.0020983834846405227, 0.3745140468, 0.3712502264166666, 0.002340741211265432, 0.36961979645000004, 0.0024477158047923326, 0.0021395313357971016, 0.002213818858333334], "best_recall": [2025.0243779524333, 0.9997799999999999, "GraphANN"], "best_qps": [0.90123, 335990.5154044571, "GraphANN"], "best_wspq": [0.90123, 335990.5154044571, 0.002213818858333334, "GraphANN"], "cost": [15439.92212796, 14664.2, 775.7221279600003, 14664.2, 1, 7757.221279600002], "cache": [1, 10]}, "text2image-1B": {"qps": [11050.088576085096, 1966.7306098508216, 1981.6463522793213, 10637.978029779766, 10845.292564953072, 1959.4466454698309, 11240.43342692625, 1973.6059546707047, 1999.7071981004142, 10427.152883822366], "recall": [0.8989719999999999, 0.971784, 0.971625, 0.901776, 0.9003959999999999, 0.971841, 0.8975120000000001, 0.9716899999999999, 0.971543, 0.903027], "wspq": [0.0706903621175, 0.395755656815, 0.39321673157, 0.0734960436675, 0.07203980741, 0.39726424427, 0.06925902687, 0.3942485756150001, 0.39049771705, 0.07476593608749997], "best_recall": [10427.152883822366, 0.903027, "GraphANN"], "best_qps": [0.9003959999999999, 10845.292564953072, "GraphANN"], "best_wspq": [0.9003959999999999, 10845.292564953072, 0.07203980741, "GraphANN"], "cost": [171884.748516464, 146642.0, 25242.748516464002, 14664.2, 10, 252427.48516464], "cache": [1, 10]}, "msturing-1B": {"qps": [1883.7926802954682, 149276.07773324655, 157085.38960832244, 152816.38696688015, 1913.72261546331, 1897.0522302355334, 151992.70313961405, 1948.2353483707213, 1931.1371238006384, 154593.0413847348], "recall": [0.99577, 0.904211, 0.8985369999999999, 0.896424, 0.995749, 0.995763, 0.902401, 0.995717, 0.9957299999999999, 0.9005190000000001], "wspq": [0.40417270221999996, 0.005349787893333334, 0.0050418976246875006, 0.0050158899159375, 0.3974924570250001, 0.399818495715, 0.0052464482234375, 0.39062997594000004, 0.393550844995, 0.005144111205625], "best_recall": [149276.07773324655, 0.904211, "GraphANN"], "best_qps": [0.9005190000000001, 154593.0413847348, "GraphANN"], "best_wspq": [0.9005190000000001, 154593.0413847348, 0.005144111205625, "GraphANN"], "cost": [16466.696566451, 14664.2, 1802.496566451, 14664.2, 1, 18024.96566451], "cache": [1, 10]}, "msspacev-1B": {"qps": [155898.63571690294, 2064.7009592362824, 148874.50306320618, 157828.47102525432, 2187.526209910597, 2059.9712613740085, 2030.917125348229, 148361.48214501175, 150770.42381913465, 2117.384994589364], "recall": [0.9377438941192524, 0.9983456133169599, 0.9521694637740484, 0.9101207531723292, 0.9983080911447674, 0.9983149133578934, 0.9983183244644562, 0.9464217492154456, 0.950231955246282, 0.9983046800382044], "wspq": [0.004979670076194014, 0.3778189001228, 0.005288873631209886, 0.004904696462366651, 0.3554439935359531, 0.3607858225883476, 0.36737472100559415, 0.005142276956436826, 0.0052349934483794614, 0.3356116569109019], "best_recall": [2064.7009592362824, 0.9983456133169599, "GraphANN"], "best_qps": [0.9101207531723292, 157828.47102525432, "GraphANN"], "best_wspq": [0.9101207531723292, 157828.47102525432, 0.004904696462366651, "GraphANN"], "cost": [16382.805640413275, 14664.2, 1718.6056404132746, 14664.2, 1, 17186.056404132745], "cache": [1, 10]}, "summary": {"deep-1B": [0.9083, 179387.88428309927, 0.0042409040436111115, 16150.212776881333], "bigann-1B": [0.9997799999999999, 335990.5154044571, 0.002213818858333334, 15439.92212796], "text2image-1B": [0.903027, 10845.292564953072, 0.07203980741, 171884.748516464], "msturing-1B": [0.904211, 154593.0413847348, 0.005144111205625, 16466.696566451], "msspacev-1B": [0.9983456133169599, 157828.47102525432, 0.004904696462366651, 16382.805640413275], "ssnpp-1B": [null, null, null, null], "ranking-score": [0.15627602469641166, 823011.6474833739, -0.61973009435814, -3909730.9250630923]}}