{"deep-1B": {"qps": [184490.7079548704, 169856.6406946042, 189681.94172474145, 47798.77195461611, 199430.56572553422, 178397.51605631405], "recall": [0.90121, 0.91155, 0.89761, 0.98264, 0.88994, 0.90507], "wspq": [0.004047640826756757, 0.004376872743529411, 0.003993679633947368, 0.015294283987499999, 0.003723143922750001, 0.004134900254748604], "best_recall": [47798.77195461611, 0.98264, "GraphANN"], "best_qps": [0.90121, 184490.7079548704, "GraphANN"], "best_wspq": [0.90121, 184490.7079548704, 0.004047640826756757, "GraphANN"], "cost": 16082.493345695568}, "bigann-1B": {"qps": [378168.44136289455, 330278.3617994693, 297265.9749390486, 316651.61787132523, 343727.7912541795, 78209.77122409745], "recall": [0.88439, 0.90607, 0.9228, 0.91024, 0.90123, 0.9908399999999999], "wspq": [0.0019224595662269129, 0.0022317219276435053, 0.002526789086577181, 0.002347925233280757, 0.002120302399273256, 0.00912116875949367], "best_recall": [78209.77122409745, 0.9908399999999999, "GraphANN"], "best_qps": [0.90123, 343727.7912541795, "GraphANN"], "best_wspq": [0.90123, 343727.7912541795, 0.002120302399273256, "GraphANN"], "cost": 15407.15396070535}, "text2image-1B": {"qps": [10838.358351140563, 11023.891251438994, 10688.629928833512, 10459.030900630349, 11175.974196402043], "recall": [0.9006679999999999, 0.8995559999999999, 0.901776, 0.902765, 0.8984489999999999], "wspq": [0.07021393391250001, 0.0692788780975, 0.07132705110000001, 0.07220566653749999, 0.0679608605125], "best_recall": [10459.030900630349, 0.902765, "GraphANN"], "best_qps": [0.9006679999999999, 10838.358351140563, "GraphANN"], "best_wspq": [0.9006679999999999, 10838.358351140563, 0.07021393391250001, "GraphANN"], "cost": 171244.96244294}, "msturing-1B": {"qps": [54924.04034594661, 159564.66427654045, 153693.18775189985, 169237.1444169307, 157277.71040650006], "recall": [0.9621770000000001, 0.8989590000000001, 0.902908, 0.892552, 0.900934], "wspq": [0.013603878460833337, 0.0048556956796875, 0.005044428016250001, 0.004573434314411764, 0.0049474815059375], "best_recall": [54924.04034594661, 0.9621770000000001, "GraphANN"], "best_qps": [0.900934, 157277.71040650006, "GraphANN"], "best_wspq": [0.900934, 157277.71040650006, 0.0049474815059375, "GraphANN"], "cost": 16397.797519680502}, "msspacev-1B": {"qps": [126266.37482234836, 136163.59099169134, 130119.93538883528, 139612.021037142, 133991.02739422998, 43063.354104057216], "recall": [0.9624232501023332, 0.9592952653840904, 0.9603322417792332, 0.9575283121844728, 0.961130440714968, 0.9879144494474008], "wspq": [0.005874165976305214, 0.005548883497647063, 0.00565650562226164, 0.005420693346849843, 0.005725194756758439, 0.01696862533542548], "best_recall": [43063.354104057216, 0.9879144494474008, "GraphANN"], "best_qps": [0.9575283121844728, 139612.021037142, "GraphANN"], "best_wspq": [0.9575283121844728, 139612.021037142, 0.005420693346849843, "GraphANN"], "cost": 16563.610948736186}, "summary": {"deep-1B": [0.98264, 184490.7079548704, 0.004047640826756757, 16082.493345695568], "bigann-1B": [0.9908399999999999, 343727.7912541795, 0.002120302399273256, 15407.15396070535], "text2image-1B": [0.902765, 10838.358351140563, 0.07021393391250001, 171244.96244294], "msturing-1B": [0.9621770000000001, 157277.71040650006, 0.0049474815059375, 16397.797519680502], "msspacev-1B": [0.9879144494474008, 139612.021037142, 0.005420693346849843, 16563.610948736186], "ssnpp-1B": [null, null, null, null], "ranking-score": [0.27906786082685253, 821550.2011633915, -0.6873303114624362, -4285768.4411364375]}}