{"deep-1B": {"qps": [182834.02715721107, 196459.12082250172, 1946.8749606905048, 1982.154623602934, 1950.6701326610687, 171700.6713607336, 190697.85628225238, 1971.8126447401385, 177198.4064283632, 1996.899840116762], "recall": [0.90121, 0.89761, 0.9988100000000001, 0.9988100000000001, 0.9988100000000001, 0.9083, 0.8942100000000001, 0.9988100000000001, 0.90507, 0.9988100000000001], "wspq": [0.004076195488524589, 0.003966985944162437, 0.3683581978999999, 0.36781299652500005, 0.37221737535, 0.004276399287790698, 0.003849257784293194, 0.3587517056, 0.004240713440449438, 0.36140143994999996], "best_recall": [171700.6713607336, 0.9083, "GraphANN"], "best_qps": [0.90121, 182834.02715721107, "GraphANN"], "best_wspq": [0.90121, 182834.02715721107, 0.004076195488524589, "GraphANN"], "cost": [16092.498899179016, 14664.2, 1428.2988991790162, 14664.2, 1, 14282.988991790162]}, "bigann-1B": {"qps": [1987.9178051300205, 1995.302008506012, 357921.5769936425, 1946.2341891533845, 1983.2033808282574, 312870.00499779946, 1980.3524932478604, 307549.8980774025, 335533.5829253464, 318827.5537041823], "recall": [0.9997799999999999, 0.9997799999999999, 0.89008, 0.9997799999999999, 0.9997799999999999, 0.90607, 0.9997799999999999, 0.91024, 0.8954200000000001, 0.90123], "wspq": [0.343174712525, 0.3524843933749999, 0.002209238837988827, 0.3727241010250001, 0.3690042396250001, 0.0024092289415335467, 0.35891630777499994, 0.002474540439448052, 0.002301695338392857, 0.0023324382818181817], "best_recall": [307549.8980774025, 0.91024, "GraphANN"], "best_qps": [0.90123, 318827.5537041823, "GraphANN"], "best_wspq": [0.90123, 318827.5537041823, 0.0023324382818181817, "GraphANN"], "cost": [15481.486373949092, 14664.2, 817.286373949091, 14664.2, 1, 8172.863739490909]}, "text2image-1B": {"qps": [11457.182729994129, 2108.555797203024, 2092.1916750623864, 2070.8613486848512, 11016.246814541926, 11243.30071555983, 2081.9577061042346, 11630.463672201091, 2063.3998238936692, 10791.683451869865], "recall": [0.8989719999999999, 0.971202, 0.971257, 0.9714809999999999, 0.901776, 0.9003959999999999, 0.9713639999999999, 0.8975120000000001, 0.971543, 0.903027], "wspq": [0.0667271306925, 0.3621208453400001, 0.363023076435, 0.36690290363000005, 0.0694474913175, 0.06809266496500001, 0.36543350850999995, 0.06548095085, 0.3689041721300001, 0.0708762831425], "best_recall": [2063.3998238936692, 0.971543, "GraphANN"], "best_qps": [0.9003959999999999, 11243.30071555983, "GraphANN"], "best_wspq": [0.9003959999999999, 11243.30071555983, 0.06809266496500001, "GraphANN"], "cost": [155837.46980373602, 131977.80000000002, 23859.669803736004, 14664.2, 9, 238596.69803736004]}, "msturing-1B": {"qps": [1862.7323163794815, 144657.16082096132, 153243.62252773732, 156527.12604334526, 1896.0855944018335, 1878.9437768395887, 147549.80940225904, 1929.197396188082, 1913.0454422911414, 150826.5552007117], "recall": [0.995794, 0.904748, 0.8991640000000001, 0.897106, 0.995774, 0.995786, 0.902913, 0.99574, 0.9957540000000001, 0.90107], "wspq": [0.40008257186499996, 0.005356703313, 0.005061476424374999, 0.0049602255403125, 0.39238369495, 0.395996859885, 0.0052565392219999976, 0.38466136284999997, 0.389131610315, 0.005157775118749999], "best_recall": [144657.16082096132, 0.904748, "GraphANN"], "best_qps": [0.90107, 150826.5552007117, "GraphANN"], "best_wspq": [0.90107, 150826.5552007117, 0.005157775118749999, "GraphANN"], "cost": [16471.48440161, 14664.2, 1807.2844016099998, 14664.2, 1, 18072.844016099996]}, "msspacev-1B": {"qps": [153906.5047964272, 2063.767242106377, 146132.95753998862, 159099.71671605099, 2091.987468377375, 2159.6197527510208, 2125.0786328523513, 151597.42430806672, 148360.5870995532, 2205.821475984385], "recall": [0.937679083094556, 0.998352435530086, 0.952203574839678, 0.9100252421885658, 0.9983149133578934, 0.9983217355710192, 0.9983251466775822, 0.9463978714695048, 0.9502353663528448, 0.9983115022513304], "wspq": [0.004936461965518217, 0.3535286412027562, 0.0052173255038204394, 0.004721400877584689, 0.33244518916291443, 0.3516392506651659, 0.35792579304816474, 0.005048993110548715, 0.005138352775303053, 0.3381384812559695], "best_recall": [2063.767242106377, 0.998352435530086, "GraphANN"], "best_qps": [0.9100252421885658, 159099.71671605099, "GraphANN"], "best_wspq": [0.9100252421885658, 159099.71671605099, 0.004721400877584689, "GraphANN"], "cost": [16318.578867505676, 14664.2, 1654.3788675056749, 14664.2, 1, 16543.78867505675]}, "summary": {"deep-1B": [0.9083, 182834.02715721107, 0.004076195488524589, 16092.498899179016], "bigann-1B": [0.91024, 318827.5537041823, 0.0023324382818181817, 15481.486373949092], "text2image-1B": [0.971543, 11243.30071555983, 0.06809266496500001, 155837.46980373602], "msturing-1B": [0.904748, 150826.5552007117, 0.005157775118749999, 16471.48440161], "msspacev-1B": [0.998352435530086, 159099.71671605099, 0.004721400877584689, 16318.578867505676], "ssnpp-1B": [null, null, null, null], "ranking-score": [0.14591484690953782, 808434.7656532748, -0.689699888722076, -4301262.941008216]}}