{"deep-1B": [0.9987233333333334, 210402.5148819477, 0.0035801660328638493, 15918.690177915494], "bigann-1B": [0.99977, 350006.5923978804, 0.0020211231861823366, 15372.40156443829], "text2image-1B": [0.6217266666666666, 7467.891639736845, 0.0979768228944444, 239629.87874221333], "msturing-1B": [0.90284, 123881.82164555356, 0.005925653626612903, 16740.549030765163], "msspacev-1B": [null, null, null, null], "ssnpp-1B": [null, null, null, null], "ranking-score": [0.12646999999999997, 678866.5466169072, -0.44159941665989655, -3032554.835597628]}