{"deep-1B": [0.9987233333333334, 210326.1976040397, 0.0036396971591549287, 15939.549884567889], "bigann-1B": [0.99977, 346886.1081934945, 0.0020667288354466857, 15388.38178394052], "text2image-1B": [0.5844933333333333, 1920.8968151833215, 0.39098995065, 914205.4787077601], "msturing-1B": [0.90255, 123694.76679888525, 0.006027061508943089, 16776.082352733658], "msspacev-1B": [null, null, null, null], "ssnpp-1B": [null, null, null, null], "ranking-score": [0.08894666666666662, 669935.6954633915, -0.14837974424645536, -2357906.862383958]}