{"deep-1B": [0.9987233333333334, 210402.5148819477, 0.0035801660328638493, 15918.690177915494], "bigann-1B": [0.99977, 350006.5923978804, 0.0020211231861823366, 15372.40156443829], "text2image-1B": [0.6269199999999999, 10363.861982670163, 0.07100757342083333, 171523.05372666], "msturing-1B": [0.99561, 127882.52978068852, 0.0054465309000000005, 16572.66442736], "msspacev-1B": [0.9763066666666668, 256747.4887214363, 0.0026714074071705427, 15600.261155472559], "ssnpp-1B": [null, null, null, null], "ranking-score": [0.9723666666666667, 941919.0186228905, -0.4745831730719976, -6831827.943844428]}