{"deep-1B": {"qps": [210402.5148819477, 215148.04676078784, 2231.565632386194, 2276.7145406105983, 2367.7683041502546, 2105.3295209251773, 198072.49853605093, 219691.00226100165, 2186.1206998637344, 209333.5152239084], "recall": [0.90186, 0.8984066666666667, 0.9987033333333332, 0.9987, 0.99869, 0.9987233333333334, 0.9083100000000001, 0.8945766666666668, 0.9987133333333332, 0.9051666666666666], "wspq": [0.0035801660328638493, 0.0034450717835648147, 0.3194135165666667, 0.3128741833333333, 0.30079820980000005, 0.33912456886666664, 0.0037752116278606967, 0.003389048934459459, 0.3248179511333334, 0.003670553948809524], "best_recall": [2105.3295209251773, 0.9987233333333334, "GraphANN", false], "best_qps": [0.90186, 210402.5148819477, "GraphANN", false], "best_wspq": [0.90186, 210402.5148819477, 0.0035801660328638493, "GraphANN", false], "cost": [15918.690177915494, 14664.2, 1254.4901779154932, 14664.2, 1, 12544.90177915493], "cache": [1, 10, 0]}, "bigann-1B": {"qps": [2058.964791799454, 307604.03068483504, 2150.0403039262046, 325548.6735279964, 2042.180980795152, 2108.217400670901, 1990.984541225251, 314871.14040553424, 350006.5923978804, 334858.5297311107], "recall": [0.99977, 0.8989499999999999, 0.99977, 0.91401, 0.99977, 0.99977, 0.99977, 0.91804, 0.9044, 0.90949], "wspq": [0.35137999765000005, 0.0019790965344155843, 0.33793910706666674, 0.00219966307791411, 0.35619444619999996, 0.34736972848333336, 0.36456085455, 0.002268375003968254, 0.0020211231861823366, 0.0020856012983582087], "best_recall": [2108.217400670901, 0.99977, "GraphANN", false], "best_qps": [0.9044, 350006.5923978804, "GraphANN", false], "best_wspq": [0.9044, 350006.5923978804, 0.0020211231861823366, "GraphANN", false], "cost": [15372.40156443829, 14664.2, 708.2015644382908, 14664.2, 1, 7082.015644382907], "cache": [1, 10, 0]}, "text2image-1B": {"qps": [35203.633024668736, 13751.977208913808, 2661.5956600732543, 3102.080027863939, 2867.994169244794, 8341.871275865087, 3691.187513461063, 3375.162881650157, 10363.861982670163, 20127.487240878585], "recall": [0.5370266666666667, 0.5932066666666667, 0.6269199999999999, 0.6253466666666666, 0.6261399999999999, 0.60874, 0.62312, 0.6242666666666666, 0.6029533333333333, 0.57636], "wspq": [0.020629180384722227, 0.054041903283333324, 0.2817036559166667, 0.236346317, 0.26029851070000004, 0.08850147694999998, 0.1981224282333333, 0.2174640083416667, 0.07100757342083333, 0.03674959803333333], "best_recall": [2661.5956600732543, 0.6269199999999999, "GraphANN", false], "best_qps": [0.6029533333333333, 10363.861982670163, "GraphANN", false], "best_wspq": [0.6029533333333333, 10363.861982670163, 0.07100757342083333, "GraphANN", false], "cost": [171523.05372666, 146642.0, 24881.053726660004, 14664.2, 10, 248810.53726660003], "cache": [1, 10, 0]}, "msturing-1B": {"qps": [120781.0749715635, 127882.52978068852, 121177.83016687467, 2047.775824541083, 1976.9559451226623, 2184.0528417081573, 2131.521938651988, 123260.73604307054, 2272.826856255313, 125666.00552482875], "recall": [0.90648, 0.90025, 0.89892, 0.99561, 0.99569, 0.9955, 0.99554, 0.90397, 0.99546, 0.90246], "wspq": [0.005916882347933885, 0.0054465309000000005, 0.005538851217213116, 0.3451183940666667, 0.356799701, 0.32011739954999996, 0.3343944926833333, 0.005800067112903226, 0.30704519321666673, 0.0057675500416666655], "best_recall": [2047.775824541083, 0.99561, "GraphANN", false], "best_qps": [0.90025, 127882.52978068852, "GraphANN", false], "best_wspq": [0.90025, 127882.52978068852, 0.0054465309000000005, "GraphANN", false], "cost": [16572.66442736, 14664.2, 1908.4644273600004, 14664.2, 1, 19084.644273600003], "cache": [1, 10, 0]}, "summary": {"deep-1B": [0.9987233333333334, 210402.5148819477, 0.0035801660328638493, 15918.690177915494], "bigann-1B": [0.99977, 350006.5923978804, 0.0020211231861823366, 15372.40156443829], "text2image-1B": [0.6269199999999999, 10363.861982670163, 0.07100757342083333, 171523.05372666], "msturing-1B": [0.99561, 127882.52978068852, 0.0054465309000000005, 16572.66442736], "msspacev-1B": [null, null, null, null], "ssnpp-1B": [null, null, null, null], "ranking-score": [0.22443333333333326, 685763.2250949756, -0.46904778886012055, -3100829.5452165864]}}