{"deep-1B": {"qps": [210326.1976040397, 216548.75693983128, 2325.7608829014553, 2372.287938683799, 2463.155281111936, 2283.8509535702538, 207312.10715786176, 220187.69369145512, 2382.3446634812867, 205153.6094929248], "recall": [0.90186, 0.8984066666666667, 0.9987033333333332, 0.9987, 0.99869, 0.9987233333333334, 0.9083100000000001, 0.8945766666666668, 0.9987133333333332, 0.9051666666666666], "wspq": [0.0036396971591549287, 0.0035145818335616443, 0.3144595560833334, 0.3070672578666667, 0.2956914903666666, 0.3353835089, 0.003830235669285714, 0.0034484112369369364, 0.32031967636666675, 0.003691660915942029], "best_recall": [2283.8509535702538, 0.9987233333333334, "GraphANN", false], "best_qps": [0.90186, 210326.1976040397, "GraphANN", false], "best_wspq": [0.90186, 210326.1976040397, 0.0036396971591549287, "GraphANN", false], "cost": [15939.549884567889, 14664.2, 1275.349884567887, 14664.2, 1, 12753.49884567887], "cache": [1, 10, 0]}, "bigann-1B": {"qps": [2026.9767474677801, 215308.92589474548, 2118.3446614134114, 317757.5247922301, 2001.181728101769, 2051.830250111916, 1937.2320420081921, 317894.80066696985, 346886.1081934945, 328985.6618454491], "recall": [0.99977, 0.8989499999999999, 0.99977, 0.91401, 0.99977, 0.99977, 0.99977, 0.91804, 0.9044, 0.90949], "wspq": [0.3612350079666667, 0.002016348303472222, 0.33757302838333336, 0.0022534135300314464, 0.36572453118333337, 0.3537229085333333, 0.37632854325, 0.002338033497798742, 0.0020667288354466857, 0.0021526293954407297], "best_recall": [2051.830250111916, 0.99977, "GraphANN", false], "best_qps": [0.9044, 346886.1081934945, "GraphANN", false], "best_wspq": [0.9044, 346886.1081934945, 0.0020667288354466857, "GraphANN", false], "cost": [15388.38178394052, 14664.2, 724.1817839405186, 14664.2, 1, 7241.817839405186], "cache": [1, 10, 0]}, "text2image-1B": {"qps": [1716.1454326610472, 17292.725996125293, 1920.8968151833215, 17186.52336587227, 1633.6347003418741, 1761.5093173197208, 17014.820021348794, 17114.038533309977, 1808.0002393249827, 17226.190234983143], "recall": [0.6303866666666667, 0.5838166666666667, 0.6295966666666667, 0.5836566666666666, 0.6307033333333333, 0.6302033333333333, 0.5844933333333333, 0.5842833333333333, 0.6300333333333333, 0.5839933333333334], "wspq": [0.4363937729166667, 0.04423338479722222, 0.39098995065, 0.04361536769166667, 0.4572841112166667, 0.4244920966666667, 0.045003869438888885, 0.04487809203055555, 0.41424694841666665, 0.044341631994444436], "best_recall": [17014.820021348794, 0.5844933333333333, "GraphANN", false], "best_qps": [0.6295966666666667, 1920.8968151833215, "GraphANN", false], "best_wspq": [0.6295966666666667, 1920.8968151833215, 0.39098995065, "GraphANN", false], "cost": [914205.4787077601, 777202.6000000001, 137002.87870775998, 14664.2, 53, 1370028.7870776], "cache": [1, 10, 0]}, "msturing-1B": {"qps": [1513.6807478094725, 123694.76679888525, 1582.9030481393331, 126562.04077814626, 121043.54250357852, 1581.1037045545263, 122216.28441636775, 1651.7185291272092, 1566.5663835560251, 123855.11714297526], "recall": [0.9961700000000001, 0.90255, 0.9960899999999999, 0.89764, 0.8960899999999999, 0.99607, 0.9013100000000001, 0.99597, 0.99613, 0.8995299999999999], "wspq": [0.476260830025, 0.006167747372177418, 0.4553035709749999, 0.005852322259842521, 0.005891653684836065, 0.4498667541499999, 0.006027061508943089, 0.4390720950750001, 0.460921651725, 0.005944216567338711], "best_recall": [123694.76679888525, 0.90255, "GraphANN", false], "best_qps": [0.90255, 123694.76679888525, "GraphANN", false], "best_wspq": [0.9013100000000001, 122216.28441636775, 0.006027061508943089, "GraphANN", false], "cost": [16776.082352733658, 14664.2, 2111.8823527336585, 14664.2, 1, 21118.823527336583], "cache": [1, 10, 0]}, "summary": {"deep-1B": [0.9987233333333334, 210326.1976040397, 0.0036396971591549287, 15939.549884567889], "bigann-1B": [0.99977, 346886.1081934945, 0.0020667288354466857, 15388.38178394052], "text2image-1B": [0.5844933333333333, 1920.8968151833215, 0.39098995065, 914205.4787077601], "msturing-1B": [0.90255, 123694.76679888525, 0.006027061508943089, 16776.082352733658], "msspacev-1B": [null, null, null, null], "ssnpp-1B": [null, null, null, null], "ranking-score": [0.08894666666666662, 669935.6954633915, -0.14837974424645536, -2357906.862383958]}}