{"deep-1B": {"qps": [210402.5148819477, 215148.04676078784, 2231.565632386194, 2276.7145406105983, 2367.7683041502546, 2105.3295209251773, 198072.49853605093, 219691.00226100165, 2186.1206998637344, 209333.5152239084], "recall": [0.90186, 0.8984066666666667, 0.9987033333333332, 0.9987, 0.99869, 0.9987233333333334, 0.9083100000000001, 0.8945766666666668, 0.9987133333333332, 0.9051666666666666], "wspq": [0.0035801660328638493, 0.0034450717835648147, 0.3194135165666667, 0.3128741833333333, 0.30079820980000005, 0.33912456886666664, 0.0037752116278606967, 0.003389048934459459, 0.3248179511333334, 0.003670553948809524], "best_recall": [2105.3295209251773, 0.9987233333333334, "GraphANN", false], "best_qps": [0.90186, 210402.5148819477, "GraphANN", false], "best_wspq": [0.90186, 210402.5148819477, 0.0035801660328638493, "GraphANN", false], "cost": [15918.690177915494, 14664.2, 1254.4901779154932, 14664.2, 1, 12544.90177915493], "cache": [1, 10, 0]}, "bigann-1B": {"qps": [2058.964791799454, 307604.03068483504, 2150.0403039262046, 325548.6735279964, 2042.180980795152, 2108.217400670901, 1990.984541225251, 314871.14040553424, 350006.5923978804, 334858.5297311107], "recall": [0.99977, 0.8989499999999999, 0.99977, 0.91401, 0.99977, 0.99977, 0.99977, 0.91804, 0.9044, 0.90949], "wspq": [0.35137999765000005, 0.0019790965344155843, 0.33793910706666674, 0.00219966307791411, 0.35619444619999996, 0.34736972848333336, 0.36456085455, 0.002268375003968254, 0.0020211231861823366, 0.0020856012983582087], "best_recall": [2108.217400670901, 0.99977, "GraphANN", false], "best_qps": [0.9044, 350006.5923978804, "GraphANN", false], "best_wspq": [0.9044, 350006.5923978804, 0.0020211231861823366, "GraphANN", false], "cost": [15372.40156443829, 14664.2, 708.2015644382908, 14664.2, 1, 7082.015644382907], "cache": [1, 10, 0]}, "text2image-1B": {"qps": [4545.63803007873, 4274.743123783165, 5884.785816477301, 6897.05161725289, 5470.35514560863, 4805.638940957025, 4056.0037365909666, 6334.531766189856, 5120.46233341137, 7467.891639736845], "recall": [0.6203566666666667, 0.6210633333333333, 0.6160333333333333, 0.6129166666666667, 0.6173566666666667, 0.61946, 0.6217266666666666, 0.6145833333333333, 0.6184700000000001, 0.6110233333333334], "wspq": [0.16304808958333333, 0.17234260871666665, 0.12554511678333333, 0.10685907718888887, 0.13489567935, 0.15365668840833333, 0.18184489646666668, 0.11610579902777778, 0.14496642390833334, 0.0979768228944444], "best_recall": [4056.0037365909666, 0.6217266666666666, "GraphANN", false], "best_qps": [0.6110233333333334, 7467.891639736845, "GraphANN", true], "best_wspq": [0.6110233333333334, 7467.891639736845, 0.0979768228944444, "GraphANN", true], "cost": [239629.87874221333, 205298.80000000002, 34331.078742213314, 14664.2, 14, 343310.78742213314], "cache": [1, 10, 2]}, "msturing-1B": {"qps": [121679.48453877418, 128466.53802566696, 1734.1501522956394, 1776.9178243120832, 124203.91181391492, 1623.8389222083829, 123881.82164555356, 1661.7637491871062, 1578.9094667207587, 126551.7303804725], "recall": [0.90284, 0.8969099999999999, 0.99586, 0.9958299999999999, 0.89545, 0.9960399999999999, 0.90054, 0.9959399999999999, 0.9961, 0.8991100000000001], "wspq": [0.005972834127868853, 0.005620827656976746, 0.40991973455, 0.39343062835, 0.005628752798800001, 0.4326246748, 0.005925653626612903, 0.4208045251750001, 0.4491633090749999, 0.005731554562598428], "best_recall": [121679.48453877418, 0.90284, "GraphANN", false], "best_qps": [0.90054, 123881.82164555356, "GraphANN", false], "best_wspq": [0.90054, 123881.82164555356, 0.005925653626612903, "GraphANN", false], "cost": [16740.549030765163, 14664.2, 2076.3490307651614, 14664.2, 1, 20763.490307651613], "cache": [1, 10, 0]}, "summary": {"deep-1B": [0.9987233333333334, 210402.5148819477, 0.0035801660328638493, 15918.690177915494], "bigann-1B": [0.99977, 350006.5923978804, 0.0020211231861823366, 15372.40156443829], "text2image-1B": [0.6217266666666666, 7467.891639736845, 0.0979768228944444, 239629.87874221333], "msturing-1B": [0.90284, 123881.82164555356, 0.005925653626612903, 16740.549030765163], "msspacev-1B": [null, null, null, null], "ssnpp-1B": [null, null, null, null], "ranking-score": [0.12646999999999997, 678866.5466169072, -0.44159941665989655, -3032554.835597628]}}