{"deep-1B": {"qps": [196545.65817404792, 185125.85792156775, 2063.298633992629, 2114.4057624622683, 2161.1031482527815, 1940.735330834837, 170426.72669500133, 181598.33049020203, 2019.6898262489608, 174397.88442507756], "recall": [0.90121, 0.89761, 0.99882, 0.9988, 0.9987799999999999, 0.9988100000000001, 0.9083, 0.8942100000000001, 0.9988100000000001, 0.90507], "wspq": [0.004059990886548222, 0.003804985612903226, 0.35552082075, 0.3487002193833333, 0.3321974550999999, 0.3755060982499999, 0.004330355111111112, 0.0037704348722527475, 0.3610988791000001, 0.004107958672], "best_recall": [2063.298633992629, 0.99882, "GraphANN", false], "best_qps": [0.90121, 196545.65817404792, "GraphANN", false], "best_wspq": [0.90121, 196545.65817404792, 0.004059990886548222, "GraphANN", false], "cost": [16086.820806646498, 14664.2, 1422.620806646497, 14664.2, 1, 14226.20806646497], "cache": [1, 10, 0]}, "bigann-1B": {"qps": [2041.5713430497103, 2052.382056160632, 152966.80853546906, 1986.8587865019167, 2014.1822923757395, 323577.14294531057, 2025.0243779524333, 312164.4512585404, 344713.7045407849, 335990.5154044571], "recall": [0.9997799999999999, 0.9997799999999999, 0.89008, 0.9997799999999999, 0.9997799999999999, 0.90607, 0.9997799999999999, 0.91024, 0.8954200000000001, 0.90123], "wspq": [0.36334128725000003, 0.3670746905833333, 0.0020983834846405227, 0.3745140468, 0.3712502264166666, 0.002340741211265432, 0.36961979645000004, 0.0024477158047923326, 0.0021395313357971016, 0.002213818858333334], "best_recall": [2025.0243779524333, 0.9997799999999999, "GraphANN", false], "best_qps": [0.90123, 335990.5154044571, "GraphANN", false], "best_wspq": [0.90123, 335990.5154044571, 0.002213818858333334, "GraphANN", false], "cost": [15439.92212796, 14664.2, 775.7221279600003, 14664.2, 1, 7757.221279600002], "cache": [1, 10, 0]}, "text2image-1B": {"qps": [1820.1891281586638, 17359.794021975227, 2026.6687865419312, 17360.42561002842, 1735.1383051349185, 1866.00464042697, 16992.173795381088, 17062.51836965907, 1913.6410126124667, 17210.018360535898], "recall": [0.973404, 0.859684, 0.971257, 0.8590180000000001, 0.974392, 0.972893, 0.8614950000000001, 0.8609310000000001, 0.972352, 0.8602589999999999], "wspq": [0.41572805861, 0.04396193085499999, 0.375325888825, 0.043549061077500006, 0.435741386125, 0.4051416512, 0.04482120510750001, 0.044561322185, 0.395132008575, 0.04427988272], "best_recall": [1820.1891281586638, 0.973404, "GraphANN", false], "best_qps": [0.8609310000000001, 17062.51836965907, "GraphANN", false], "best_wspq": [0.8609310000000001, 17062.51836965907, 0.044561322185, "GraphANN", false], "cost": [103599.48729362401, 87985.20000000001, 15614.287293624002, 14664.2, 6, 156142.87293624002], "cache": [1, 10, 0]}, "msturing-1B": {"qps": [1886.721515572624, 152415.17296814485, 1988.490178675128, 161463.2732323382, 157386.47812677888, 2023.0100765706388, 155194.6285977735, 2100.3041048960667, 1952.8531062156271, 158018.4997091525], "recall": [0.9958020000000001, 0.9064639999999999, 0.995712, 0.901014, 0.8990040000000001, 0.995683, 0.904689, 0.995598, 0.99575, 0.902826], "wspq": [0.39293279034999995, 0.005094771770624999, 0.37355095380000003, 0.0048037815626470574, 0.0047605982253125, 0.36798905914499996, 0.0049979744978125, 0.35462873038500003, 0.3802969449099999, 0.00490172373125], "best_recall": [2023.0100765706388, 0.995683, "GraphANN", false], "best_qps": [0.901014, 161463.2732323382, "GraphANN", false], "best_wspq": [0.901014, 161463.2732323382, 0.0048037815626470574, "GraphANN", false], "cost": [16347.44505955153, 14664.2, 1683.245059551529, 14664.2, 1, 16832.45059551529], "cache": [1, 10, 0]}, "summary": {"deep-1B": [0.99882, 196545.65817404792, 0.004059990886548222, 16086.820806646498], "bigann-1B": [0.9997799999999999, 335990.5154044571, 0.002213818858333334, 15439.92212796], "text2image-1B": [0.973404, 17062.51836965907, 0.044561322185, 103599.48729362401], "msturing-1B": [0.995683, 161463.2732323382, 0.0048037815626470574, 16347.44505955153], "ssnpp-1B": [null, null, null, null], "ranking-score": [0.3188340000000002, 698693.775272199, -0.5006260759474713, -3258638.977011994]}}