{"deep-1B": [0.99882, 196545.65817404792, 0.004059990886548222, 16086.820806646498], "bigann-1B": [0.9997799999999999, 335990.5154044571, 0.002213818858333334, 15439.92212796], "text2image-1B": [0.973404, 17062.51836965907, 0.044561322185, 103599.48729362401], "msturing-1B": [0.995683, 161463.2732323382, 0.0048037815626470574, 16347.44505955153], "ssnpp-1B": [null, null, null, null], "ranking-score": [0.3188340000000002, 698693.775272199, -0.5006260759474713, -3258638.977011994]}