,recall,qps,power,cost
deep-1B,0.98273,184490.7079548704,0.004047640826756757,
bigann-1B,0.9909600000000001,343727.7912541795,0.002120302399273256,
text2image-1B,0.903018,10838.358351140563,0.07021393391250001,
msturing-1B,0.962232,157277.71040650006,0.0049474815059375,
msspacev-1B,0.9906774457634058,139612.021037142,0.005420693346849843,
ssnpp-1B,,,,
ranking-score,0.26263557047346175,821550.2011633915,-0.6873303114624362,
