{"deep-1B": [0.9083, 179387.88428309927, 0.0042409040436111115, 16150.212776881333], "bigann-1B": [0.9997799999999999, 335990.5154044571, 0.002213818858333334, 15439.92212796], "text2image-1B": [0.971841, 11240.43342692625, 0.06925902687, 156246.16301524802], "msturing-1B": [0.904211, 154593.0413847348, 0.005144111205625, 16466.696566451], "msspacev-1B": [0.9983456133169599, 157828.47102525432, 0.004904696462366651, 16382.805640413275], "ssnpp-1B": [null, null, null, null], "ranking-score": [0.2250900246964116, 823406.788345347, -0.62251087489814, -3925369.5105643086]}