{"deep-1B": [0.9083, 182834.02715721107, 0.004076195488524589, 16092.498899179016], "bigann-1B": [0.91024, 318827.5537041823, 0.0023324382818181817, 15481.486373949092], "text2image-1B": [0.971543, 11243.30071555983, 0.06809266496500001, 155837.46980373602], "msturing-1B": [0.904748, 150826.5552007117, 0.005157775118749999, 16471.48440161], "msspacev-1B": [0.998352435530086, 159099.71671605099, 0.004721400877584689, 16318.578867505676], "ssnpp-1B": [null, null, null, null], "ranking-score": [0.14591484690953782, 808434.7656532748, -0.689699888722076, -4301262.941008216]}