{"deep-1B": [0.9083, 191149.7778284152, 0.004142674364754097, 16115.793097409836], "bigann-1B": [0.9997799999999999, 325457.7339106414, 0.002268904411656442, 15459.224105844418], "text2image-1B": [0.971543, 11247.281366579182, 0.06811233411, 155844.361872144], "msturing-1B": [0.905205, 153252.41334960502, 0.005196155593437501, 16484.9329199405], "msspacev-1B": [0.998352435530086, 159581.44474943448, 0.004736925220481524, 16324.018597256727], "ssnpp-1B": [null, null, null, null], "ranking-score": [0.22579284690953783, 825055.0940255506, -0.6238164386377465, -3925826.980098666]}