{"deep-1B": [0.99882, 196545.65817404792, 0.004059990886548222, 16086.820806646498], "bigann-1B": [0.9997799999999999, 335990.5154044571, 0.002213818858333334, 15439.92212796], "text2image-1B": [0.973404, 17062.51836965907, 0.044561322185, 103599.48729362401], "msturing-1B": [0.995683, 161463.2732323382, 0.0048037815626470574, 16347.44505955153], "msspacev-1B": [0.9983456133169599, 157828.47102525432, 0.004904696462366651, 16382.805640413275], "ssnpp-1B": [null, null, null, null], "ranking-score": [0.40864502469641173, 853256.8790266318, -0.6477298223831808, -3978198.8297630665]}