{"deep-1B": [0.98264, 184490.7079548704, 0.004047640826756757, null], "bigann-1B": [0.9908399999999999, 343727.7912541795, 0.002120302399273256, null], "text2image-1B": [0.902765, 10838.358351140563, 0.07021393391250001, null], "msturing-1B": [0.9621770000000001, 157277.71040650006, 0.0049474815059375, null], "msspacev-1B": [0.9879144494474008, 139612.021037142, 0.005420693346849843, null], "ssnpp-1B": [null, null, null, null], "ranking-score": [0.27906786082685253, 821550.2011633915, -0.6873303114624362, null]}