{"version": "2021", "datasets": {"deep-1B": {"recall": [0.94306], "qps": [4417.035674087254], "wspq": [0.1125810582399999], "cost": [545952.102807296], "min-recall": 0.9, "min-qps": 2000, "min-wspq": [0.0], "system_cost": 22021.9}, "bigann-1B": {"recall": [0.92718], "qps": [3086.655963993096], "wspq": [0.1671225756], "cost": [785282.45049024], "min-recall": 0.9, "min-qps": 2000, "min-wspq": [0.0], "system_cost": 22021.9}, "text2image-1B": {"recall": [0.860736], "qps": [1762.363269283565], "wspq": [0.1232547584], "cost": [1298436.76734336], "min-recall": 0.860736, "min-qps": 1762.363269283565, "min-wspq": [0.0], "system_cost": 22021.9}, "msturing-1B": {"recall": [0.90914], "qps": [2359.4845936035667], "wspq": [0.2037402864], "cost": [1018332.2963545601], "min-recall": 0.9, "min-qps": 2000, "min-wspq": [0.0], "system_cost": 22021.9}, "msspacev-1B": {"recall": [0.926865875289944], "qps": [2770.8483394735745], "wspq": [0.1673816848137535], "cost": [873460.8423587392], "min-recall": 0.9, "min-qps": 2000, "min-wspq": [0.0], "system_cost": 22021.9}, "ssnpp-1B": {"recall": [0.9786342124385736], "qps": [5572.2724159068], "wspq": [0.09486485184], "cost": [429634.844084736], "min-recall": 0.9, "min-qps": 2000, "min-wspq": [0.0], "system_cost": 22021.9}}}