{"version": "2021", "datasets": {"deep-1B": {"recall": [0.94437], "qps": [5035.483337948125], "wspq": [0.09225481546666668], "cost": [472764.08733952], "min-recall": 0.9, "min-qps": 2000, "min-wspq": [0.0], "system_cost": 22021.9}, "bigann-1B": {"recall": [0.93604], "qps": [3279.2948260168555], "wspq": [0.1623114768], "cost": [739552.84147072], "min-recall": 0.9, "min-qps": 2000, "min-wspq": [0.0], "system_cost": 22021.9}, "text2image-1B": {"recall": [0.6010500000000001], "qps": [1947.667783473551], "wspq": [0.1091011024], "cost": [1183367.82628096], "min-recall": 0.6010500000000001, "min-qps": 1947.667783473551, "min-wspq": [0.0], "system_cost": 22021.9}, "msturing-1B": {"recall": [0.91513], "qps": [2629.8280007727144], "wspq": [0.18743578773333336], "cost": [924531.6000217601], "min-recall": 0.9, "min-qps": 2000, "min-wspq": [0.0], "system_cost": 22021.9}, "msspacev-1B": {"recall": [0.2283733333333333], "qps": [591.6951935214195], "wspq": [0.008206791619047618], "cost": [3746598.659783315], "min-recall": 0.2283733333333333, "min-qps": 591.6951935214195, "min-wspq": [0.0], "system_cost": 22021.9}, "ssnpp-1B": {"recall": [0.985669312472862], "qps": [6255.579687490073], "wspq": [0.08465636784], "cost": [382013.991291136], "min-recall": 0.9, "min-qps": 2000, "min-wspq": [0.0], "system_cost": 22021.9}}}