{"version": "2021", "datasets": {"deep-1B": {"recall": [0.94275], "qps": [4464.181636662814], "wspq": [0.11167082879999997], "cost": [545633.15841152], "min-recall": 0.9, "min-qps": 2000, "min-wspq": [0.0], "system_cost": 22021.9}, "bigann-1B": {"recall": [0.9326], "qps": [3270.535391661504], "wspq": [0.15755499520000002], "cost": [737886.17031808], "min-recall": 0.9, "min-qps": 2000, "min-wspq": [0.0], "system_cost": 22021.9}, "text2image-1B": {"recall": [0.8602779999999999], "qps": [1788.6572644215826], "wspq": [0.11275531536000002], "cost": [1272735.8625021442], "min-recall": 0.8602779999999999, "min-qps": 1788.6572644215826, "min-wspq": [0.0], "system_cost": 22021.9}, "msturing-1B": {"recall": [0.913225], "qps": [2844.815615557371], "wspq": [0.17428385007999994], "cost": [853857.461068032], "min-recall": 0.9, "min-qps": 2000, "min-wspq": [0.0], "system_cost": 22021.9}, "msspacev-1B": {"recall": [0.9085345886205484], "qps": [3265.367270821401], "wspq": [0.15200844289807613], "cost": [735942.6583914859], "min-recall": 0.9, "min-qps": 2000, "min-wspq": [0.0], "system_cost": 22021.9}, "ssnpp-1B": {"recall": [0.9786342124385736], "qps": [5699.329000888998], "wspq": [0.09041263104], "cost": [428074.78591641603], "min-recall": 0.9, "min-qps": 2000, "min-wspq": [0.0], "system_cost": 22021.9}}}